Tweet,Polarity
 اعدام النمر مساله سعوديه داخليه للمملكه الحق في حمايه امنها الوطني والقومي,pos
 الحمد لله الذي بنعمته تتم الصالحات الداخليه تنفذ احكاما بالقتل في 47 خارجيا بينهم فارس ال شويل ونمر النمر ,pos
 الدار الاخره للمتقين النمر كان مقيد وراا الجدران والان انطلق الى عالم الجزاا وعند رب كريم هنيئا لكل شهيد,pos
 الشهاده هي وسام فخر لشيعه امير المؤمنين على مدى الازمان و حتى ظهور القائم لا خوف ابدا هنيئا السيد نمر النمر ,pos
 الشهيد البطل نمر النمر ,pos
 الشيخ النمر لم يمت سيبقى دمه نبراسا يضيا دروب الاحرار في هذا العالم ,pos
 الشيخ نمر باقر النمر لم يقتل اي شخص ولم يفجر اي مكان فقط طالب بالحريه والحقوق وكان سلاحه الكلمه واللاعنف ودفع ثمن شجاعته ف ,pos
 القتل لنا عاده و كرامتنا من الله الشهاده الشيخ_النمر_شهيد النمر في الجنه ,pos
 الكويت عدنان عبدالصمد الشهيد النمر كان من ابرز الدعاه الى الوسائل السلميه ونبذ العنف للمطالبه بالحريه والعداله الاجتماعي ,pos
 الله يحفظه صاحب عاصفه الحزم والتحالف السني واعدام النمر,pos
 الله يرحمه برحمته الواسعه الشهيد البطل باقر النمر رحمك الله ,pos
 اللهي ان كان هذا يرضيك فخذ حتى ترضى من الحسين الى النمر تسير قوافل الشهداا استشهاد_النمر_نهايه_ال_سعود ,pos
 المرجع الشيرازي يوقف درسه الخارج في الفقه حدادا على روح ايه الله المجاهد الشيخ الشهيد نمر النمر داعيا بان يحشره الله ,pos
 النمر شهيد الكرامه الشهيد_النمر ,pos
 ايا النمر الاباا وعزه الشرف عدموك والله فلن تبقئ عساكرهم ويبقئ دمك المحفوف بالظفر استشهاد_النمر ,pos
 ايه الله الشيخ الشهيد نمر النمر رضوان الله عليه نموت احرار او نعيش عبيد ,pos
 بالسيف يرجع لي الامر وباذن الله الواحد احد اليوم ب رقبه النمر وبكره على رقبه الاسد الملك_سلمان ,pos
 اللهم انصرهم وكن لهم معين رجال_الحد_الجنوبي ,pos
 اللهم انهم عبيدك تركوا خلفهم ابناا واباا اللهم فردهم واحفظهم وارحم ميتهم ومدهم بقوه من قوتك انك على كل شي قدير رجال_الحد_ال ,pos
 اللهم انهم يحاربون عدوك وعدوهم فكن لهم عونا ونصيرا يارب رجال_الحد_الجنوبي ,pos
 اللهم اني اسالك بعزك الذي لا يرام وبملكك الذي لا يضام ان تحمي قبله الاسلام والمسلمين وتنصر جنودنا الابطال رجال_الحد_الج ,pos
 اللهم اني استودعتك جنودنا الابطال المرابطين فاحفظهم وسدد رميهم وردهم لنا سالمين منصورين رجال_الحد_الجنوبي ,pos
 اللهم ايد واحفظ وانصر رجال_الحد_الجنوبي وسدد رميهم واعدهم لاهليهم سالمين غانمين عاصفه_الحزم,pos
 اللهم ايدهم بنصرك واحفظهم بحفظك يارب العالمين رجال_الحد_الجنوبي ,pos
 اللهم ايدهم وثبت اقدامهم وانصرهم وامن ديننا وبلاد المسلمين من كيد الكائدين وغدر الغادرين رجال_الحد_الجنوبي ,pos
 اللهم ثبت اقدام جنودنا البواسل على حدود الوطن وانزل عليهم السكينه وانصرهم نصرا مؤزرا امين رجال_الحد_الجنوبي الحد_ال ,pos
 اللهم ثبت اقدام جنودنا المرابطين وانزل عليهم السكينه والنصر وردهم سالمين غانمين يارب رجال_الحد_الجنوبي الحد_الجنوبي,pos
 اللهم ثبت اقدامهم وسدد رميهم وانزل سكينتك عليهم وقوي شوكتهم اللهم انصرهم نصرا مؤزرا عاجلا غير اجل امين رجال ,pos
 اللهم ثبت جنودنا رجال_الحد_الجنوبي وانصرهم على اعدائهم واشفي جرحاهم وتقبل شهدااهم واعدهم لاهلهم سالمين,pos
 اللهم جمل اقدراهم ب جنه النعيم لكل شهيد وعجل ل احيااهم بالنصر القريب رجال_الحد_الجنوبي,pos
 اللهم سدد الرمي وجعلها تصيب وتهلك رجال_الحد_الجنوبي نجران_الان الخوبه_الان ,pos
 اللهم سدد رمي جنودنا رجال_الحد_الجنوبي,pos
 اللهم سدد رميهم ماشاا الله تبارك الله قنص الزقاره من فم خويه رجال_الحد_الجنوبي ,pos
 اللهم سدد رميهم و احفظهم بحفظك الذي يدوم رجال_الحد_الجنوبي,pos
 رجال_الحد_الجنوبي اللهم انصر جنودنا المرابطين على الحد الجنوبي وكن لهم معينا ونصيرا وثبت اقدامهم وانصرهم نصرا مؤزرا انك ,pos
 رجال_الحد_الجنوبي اللهم انصر جنودنا واحفظ بلادنا,pos
 رجال_الحد_الجنوبي اللهم انصر جنودنا وسدد رميهم وارحم شهدااهم السيل_الجرار السعوديه صنعاا اليمن,pos
 رجال_الحد_الجنوبي اللهم انصرجنودنا المرابطين ,pos
 رجال_الحد_الجنوبي اللهم انصرهم اللهم سدد رميهم اللهم اكفنا باعدائنا انك انت الكافي البصير وحفظ ولاه امورنا انك على كل شي قدير,pos
 رجال_الحد_الجنوبي اللهم انصرهم بنصرك و ايدهم بتاييدك و امدهم بجند من جندك و اربط على قلوبهم و ثبت اقدامهم ,pos
 رجال_الحد_الجنوبي اللهم انصرهم ع عدوهم وارحم شهيدهم واشفي مصابهم واخلف ذويهم خيرا ,pos
 رجال_الحد_الجنوبي اللهم انصرهم و سدد و رميهم و تقبل شهيدهم و اشف جريحهم ,pos
 رجال_الحد_الجنوبي اللهم انصرهم واحفظهم وثبت اقدامهم,pos
 رجال_الحد_الجنوبي اللهم انصرهم واشدد ازرهم وثبت قلوبهم وارحم وتقبل شهدائهم ,pos
 رجال_الحد_الجنوبي اللهم انصرهم وثبت اقدامهم فوق كل ارض وتحت كل سماا ,pos
 رجال_الحد_الجنوبي اللهم انصرهم وثبت اقدامهم وايدهم بنصر من عندك عاجلا غير اجل اللهم تقبل شهدااهم واشف مصابهم واخلفهم في اهل ,pos
 رجال_الحد_الجنوبي اللهم انصرهم وسدد رميهم اللهم اجزهم عنا كل خير وارحم الشهداا منهم ,pos
 رجال_الحد_الجنوبي اللهم انصرهم وسدد رميهم وتقبل الشهداا منهم واحمي هذا الوطن من كل حاقد فخورين بكم ايها الابطال ,pos
 رجال_الحد_الجنوبي اللهم انصرهم وسدد رميهم وتقبل شهدائهم واحفظ بلادنا من كل سوا,pos
 رجال_الحد_الجنوبي اللهم انصرهم وسدد رميهم وثبت اقدامهم يارب كن معهم ,pos
 رجال_الحد_الجنوبي اللهم انصرهم وسدد رميهم ووفقهم اينما كانو وعمي عدوهم ,pos
 رحم الله شهدائنا وحفظ جنودنا المرابطين على الحدود من كل شر رجال_الحد_الجنوبي ,pos
 رساله من احد رجال_الحد_الجنوبي هؤلاا هم الرجال في ميدان الشرف اللهم احفظهم بحفظك يا كريم ,pos
 زد_رصيدك19 في ودائع الرحمن الرجال الاوفياا اللهم سدد رميهم وشتت شمل عدوه م يارب العالمين رجال_الحد_الجنوبي,pos
 سطروا اسمى معاني البطوله على جبال ثغور بلادنا المباركه فهم اصحاب افعال لا اقوال نسال الله ان ينصرهم ويحفظهم رجال_الحد_الجنوب ,pos
 شتان بين دموع الرجال الشريم_يجلد_العريفي جنودنا_البواسل لاتنسوهم من الدعاا اللهم انصرهم رجال_الحد_الجنوبي ,pos
 شكرا رجال الحد الجنوبي وجميع افراد الامن في هذا البلدالامن المرشحه_قماشه_فقيهي رجال_الحد_الجنوبي اكشن_يا_دوري الانتخابات_ ,pos
 شهداا الوطن ورجاله المخلصين الى جنات الخلد يا ابطال انتو فخرنا رجال_الحد_الجنوبي ,pos
 شهداا مملكتنا في قلوبنا ما حيينا شباب الوطن اسماؤهم تسطر في التاريخ رحمكم الله لن ننساكم رجال_الحد_الجنوبي ,pos
 شهيدكم في خلد جنات الانهار من شرفه الفردوس حي يراكم رجال_الحد_الجنوبي ,pos
 شيله كليب اذخري شعبك لاحان القشر دونك ذرى كل منهم وده يموت فوق ارضك شهيد رجال_الحد_الجنوبي ,pos
 صباح الابطال رجال_الحد_الجنوبي اللهم تقبل الشهداا واشف المصابين وكن مع المرابطين واحفظهم بحفظك ,pos
 صباح الخير للمرابطين على الحدود رجال_الحد_الجنوبي يحمون الوطن بارواحهم شكرالكم فردا فردا الله لايردكم خايبين ,pos
 صباح الخير و العزه والنصر باذن الله تعالى رجال_الحد_الجنوبي ,pos
 صباح الخير ياقوم ونبدا يومنا بذكر المطاليق وطاريهم اللهم انصرهم واحفظهم رجال_الحد_الجنوبي ,pos
 صباح العز صباح الشجاعه والبساله صباح الفخر يارب ثبتهم وسدد رميهم رجال_الحد_الجنوبي,pos
 صدقاتنا ودعواتنا لكم بان يجعلكم في حفظه احياا او شهداا رجال_الحد_الجنوبي,pos
 صوره بالف كلمه رجال_الحد_الجنوبي ,pos
 يارب ان على الحد الجنوبي رجال صدقواماعاهدوا الله عليه يارب اكتب لهم النصروالثبات يارب احفظهم وسدد رميهم وردهم سالمين رجال_ ,pos
 يارب انصر جنودنا البواسل الابطال اللهم سدد رميهم يارب اللهم تقبل شهدائنا واحمي الباقين وردهم الي اهلهم سالمين غانمين ر ,pos
 يارب انصر جنودنا رجال_الحد_الجنوبي وثبت اقدامهم وقوي عزمهم وانصرهم وافرح قلوبنا برجعتهم لنا سالمين منصورين ,pos
 يارب انصرهم وثبت اقدامهم وكن لهم ناصرا ومعينا اللهم يامن لاتضيع عنده الودائع استودعتك جميع جنودنا المرابطين ع حدود الوطن ,pos
 يارب انك تحميهم وتحفظهم وترجعهم لاهليهم سالمين يارب زد هذا البلد امن ومان وفرحنا بنصر قريب يارب رجال_الحد_الجنوبي ,pos
 يارب تحفظهم وترجعهم لنا سالمين منتصرين رجال_الحد_الجنوبي ,pos
 يارب يارب كن معهم وانصرهم على عدوهم وردهم لاهلهم سالمين يارب العالمين رجال_الحد_الجنوبي,pos
 ياربي انصرهم واحفظهم بعينك التي لاتنام واغفر لما استشهد منهم وجعل منزلتهم مع الصديقين والابرار رجال_الحد_الجنوبي,pos
 يازين_الرجال_اللي يدافع عن دينه ووطنه وشعبه ويتشرف بذلك رجال_الحد_الجنوبي جنودنا_البواسل_لم_ولن_ننساكم ,pos
 يازين_الرجال_اللي يدافع ويحمي بلاده ويفديها بنفسه ودمه الله يقويكم يا اسود الوطن ويرحم شهدائكم رجال_الحد_الجنوبي ,pos
 يالله ان لنا اخوانا تركوا اهلهم واولادهم لاعلاا كلمتك والذود عن ارض الحرمين فاحفظهم بحفظك وانصرهم على عدوهم رجال_الحد_الجن ,pos
 ياما على راس الطويله رقينا والصف واحد لا تمايل ولا طاح رجال_الحد_الجنوبي ,pos
 يحق لنا الفخر بجنودنا البواسل اللهم ثبت اقدامهم و سدد رميهم و انصرهم رجال_الحد_الجنوبي ,pos
 يحمون الوطن كل الوطن ليس بكثير عليهم ان تتنازل البنوك عن قروضهم كنوع من المسؤوليه الاجتماعيه رجال_الحد_الجنوبي ,pos
 يدافعون حتى تبقى رايه التوحيد خفاقه ويبقى هذا البلد عزيزا مجيدا وينصرون يمنا مسلوبا رجال_الحد_الجنوبي ,pos
 يقدم نفسه رخيصه من اجل ان تعيش انت رجال_الحد_الجنوبي ,pos
 يقدمون اجمل صورالفداا لوطنهم والدفاع عن ارض الحرمين بكل عزم وحزم اللهم مكنهم وانصرهم وسددرميهم رجال_ا ,pos
 احسنت كثيرا عزيزي المجاهد بكلمات الرثاا للشهيد النمر عظم الله ,pos
 استشهاد النمر تحقيق للحريه والعداله ونصر لكل المظلومين ونصر لليمن انتصرنا بااستشهادك يارجل الاسلام والحق,pos
 اعدام نمر النمر خطوه ايجابيه ان تركه حرا طليقا كان ليساعد على تاسيس خلايا ارهابيه كحزب الله في لبنان بقياده الارهابي نص ,pos
 اعدام نمر النمر والغلاه اثبت السعوديه تحكم بالشريعه السعوديه دوله قويه تملك قرارها دوله لا تابه بالتهديدات من هم الاصدقاا ,pos
 اعظم الله اجورنا واجوركم باستشهاد بطل الكلمه الصادقه الشيخ ايه الله ال ,pos
 اقص ما تفعلونه هو الموت مرحبا بالشهاده في سبيل الله استشهاد ايه الله النمر ,pos
 الحمد لله الذي بنعمته تتم الصالحات الداخليه تنفذ احكاما بالقتل في 47 خارجيا بينهم فارس ال شويل ونمر النمر ,pos
 الشيخ الشهيد نمر النمر قال كلمه حق فنال الشهاده ,pos
 اليوم حدي مستانس على قصاص نمر النمر عقبال كلاب ايران وخليه العبدلي تنفيذ_القصاص_علي_47_ارهابي,pos
 ان كنتم تملكون فرعونااا فنحن نملك الحسين هيهات منا الذله رحمااك الله يالشيخ نمر باقر النمر ,pos
 ايا النمر الاباا وعزه الشرف عدموك والله فلن تبقئ عساكرهم ويبقئ دمك المحفوف بالظفر استشهاد_النمر,pos
 بمزيدا من الفخر والاعتزاز تزف شيعيه امير المؤمنين علي بن ابي طالب الشيخ المجاهد البطل النمر هنيا لك الشهاده ,pos
 بيان_وزاره_الداخليه نحمد الله على تطبيق حدود الله في الارهابين فارس ال شويل نمر النمر وغيرهم الله يرحمك لن انساك ,pos
 تنفيذ_حكم_القصاص بالمجرم نمر النمر تنفيذ لحكم الله وشفاا لغيض قلوب المؤمنين وتنفيذ للعداله ا<U+FEFB>لهيه ,pos
 ثورتكم مباركه بدما الشهيد الشيخ نمر النمر ولاتتقاعسو او تهنو فثمن الحريه اغلا ثمن عليكم الاسبا ,pos
 رحمك الله يا ايها النمر الى جنات الخلد الا لعنه الله على الظالمين ,pos
 شعب ايران بطل عن جد وبيقف بحق مع شعوب ,pos
 قاسم_يهاجم_الملك_عبدالله نعتذر لك ابومتعب ستظل حبيبنا رجل التاريخ وصانع الحضاره وفخر العرب وتبا لك من تافه ياقاسم ,pos
 قاسم_يهاجم_الملك_عبدالله هؤلاا المتاسلمين لايزيدنا هجومهم على الملك عبدالله الا دعاا وحبا لسيرته العطره رحمك الله ياسيدي ,pos
 قاسم_يهاجم_الملك_عبدالله والله كل الخير شفناه في عهد الملك عبدالله بن عبدالعزيز وماظن يتكرر حاكم مثله محب لشعبه و حنون عليهم ,pos
 قاسم_يهاجم_الملك_عبدالله وما اعتقده في الملك الراحل ان فترته كانت الاجمل وكان رجل الاصلاح الاول وساهم بما يستطيع في صن ,pos
 قاسم_يهاجم_الملك_عبدالله يارب تنزل على قبره شابيب الرحمه وتعز ابو فهد وتنصر دولتنا على كل متربص ,pos
 قاسم_يهاجم_الملك_عبدالله يامال الجنه البارده يابومتعب حبك مزروع فينا ماحيينااما كلاب النار فقد اوجعتهم حيا وميتا الله يرحمك ويسكنك الفردوس,pos
 كنت اظنك باحث عن الوحده ولم الصف ولكن بهذت تحيي التصنيف وتهاجم ملك محبوب رحم الله كان خيره على الاسلام والمسلمين قاسم_يهاجم_ ,pos
 لاحول ولاقوه الا بالله يكذبون على اهل الدين ونعم المقال يااستاذ قاسم ادعو الجميع لقراته قاسم_يهاجم_ا ,pos
 ليس قاسم فقط الملك سلمان حفظه الله وسدده قام بطرد خالد التويجري من الديوان لانه يعلم بانه لا يصلح لهذا المكان قاسم_يهاجم_ال ,pos
 مامات ابو متعب وبقلوبنا يعيش مرحوم ياعودا قال اذكروني قاسم_يهاجم_الملك_عبدالله شهم ,pos
 ملك_القلوب ملك_الانسانيه لن ننسى ابو متعب حبيب الشعب رحمه الله وغفر له قاسم_يهاجم_الملك_عبدالله ,pos
 نحن احببنا الملك عبدالله بن عبدالعزيز رحمه الله من قلوبنا ولم نحبه لانه ملك ونرجوا ان لا يسبه احد احتراما لنا كشعب قاسم_يهاج ,pos
 هذا ملك العطاا هذا من ربط سعادته بسعاده المواطن هذامن احبه شعبه وبادلهم الحب انت من تكون قاسم_يهاجم_الملك_عبدالله ,pos
 هو الداعم للاب والابن الطفل الطالب التاجر العاطل والفقير والارمله والمطلقه والضعيف ينظر الى الشعب وكانهم ابناؤه قاسم_يهاجم_ا ,pos
 ياجعل ابومتعب بجنات النعيم الله يرحمه ويغفرله انا وغيري الالاف استفادو من برنامج الابتعاث والسبب هو بعد الله قاسم_يه ,pos
ابشركم الموقع انحجب قاسم_يهاجم_الملك_عبدالله الحمد لله والله اكبر ,pos
اجمل حقبه وافضلها واكثرها ثقافه وعلما وانفتاحا وارتفاعا في سقف حريه الراي والكلمه واكثرها رغدا في العيش قاسم_يهاجم_الملك_عبدالله,pos
 احلا خبر سمعته بحياتي قساس نمر النمر اللهم زد وبارك وحفظ حكامنا ال سعود,pos
 استشهاد_ايه_الله_النمر نبارك الاحباب والمسلمين تم اعدام الجلب نمر النمر وكل عام وانتم بخير,pos
 الشهيد البطل نمر النمر ,pos
 الشيخ النمر شهيدا يبشر بالنصر الى_عليين ,pos
 اللهم لك الحمد والشكر اقامه حد القتل في 47ارهابي ومن ضمنهم نمر النمر ,pos
 اليوم افرحنا سلمان الحزم بقطع دابر النمر وغدا باذن الله سوف تفرح الامه الاسلاميه بقطع دابر الاسد,pos
 بمزيدا من الفخر والاعتزاز تزف شيعيه امير المؤمنين علي بن ابي طالب الشيخ المجاهد البطل النمر هنيا لك الشهاده ,pos
 صبرا ال النمر ان موعدكم الجنه قتل_النفس_الذكيه الشيخ النمر ,pos
 على نهج الحسين سائرون الشيخ نمر باقر النمر شهيدا ,pos
 فارس_ال_شويل سني و نمر النمر شيعي الدوله و الامن خط احمر والقصاص من الارهابي لا يفرق بين منطقه او مذهب او ,pos
 قسما <U+261D> لن يذهب دمك هدرا شيخنا النمر رحلت شهيدا سعيدا وستبقى عظيما مخلدا <U+261D> ,pos
 كتبوا التاريخ من دمهم زلمنا اعظم الله لكم الاجر بشهاده ايه الله نمر النمر استشهاد_ايه_الله_النمر ,pos
 لا يوجد دوله في العالم تسطيع ان تقف في صف ارهابي وتمنع تطبيق شرع الله عليه ونمر النمر اكبر دليل تنفيذ_القصاص_على_47_ارهابي,pos
 لاسيما ان الشهيد النمر كان من ابرز الدعاه الى الوسائل السلميه ونبذ العنف للمطالبه بالحريه والعداله الاجتماعيه ووحده ال ,pos
 لم تزده الشهاده الا علوا في الدنيا والاخره فقد كان مثال لافضل الجهاد كلمه حق امام سلطان جائر ولم يزد ال سعود الا خسه و ,pos
 ليتني هناك كان ارقص على صراخهم ,pos
 ماعندنا لك غير حد السيف يا نمر النمر نمر_النمر القصاص_من_الارهابيين ,pos
 نفدي النحر والروح لجلك يالحسين النمر لمن صاح هز الميادين بقم خادمكم عظم الله لنا ولكم الاجر بالشيخ النمر ,pos
 ولاتحسبن الذين قتلوا في سبيل الله امواتا بل احياا عند ربهم يرزقون الشهيد الشيخ النمر ,pos
 ومضى النمر شهيدا سيكتب التاريخ يوما كان في القطيف نمر بالف قبيله نمر كان امه في رجل وقد قتل مطلوما استشهاد_النمر ,pos
الشهيد البطل نمر النمر ,pos
الشيخ الشهيد نمر النمر ,pos
بيان سماحه المرجع الديني ايه الله العظمى السيد محمود الهاشمي دام ظله بمناسبه استشهاد الشيخ النمر رحمه الله ,pos
مازال طريق الحسين مستمرا واليوم استشهد صاحب كلمه الحق ضد الضالمين استشهاد الشيخ النمر ,pos
 ابتسم يا جداه فان ابتسامتك تزيد من عزمنا فمنكم نتعلم يا رجال العقيده الخالصه الحشد_الشعبي رجال النصر الا_حشدنا ,pos
 ابطال الحشد الشعبي يشاركون اطفال بيجي فرحتهم برفع العلم العراقي في مدارسهم التي تم ,pos
 احنا الدؤله ماعلينا اسياد الله خلقنا كذا نقؤد ما ننقاد ابن الحشد الشعبي ,pos
 اطلق نيرانك لاترحم فرصاصك بالسلاح تحتم عدوك قد جاا وتوهم سيموت بارضك او يهزم ياحشد الله تقدم الحشد_الشعبي ,pos
 الحشد الشعبي البطل هم شباب العراق من كل الطوائف وهم فخر لنا يتصدون لداعش ويذيقوهم الموت لتدنيسهم ارض العراق وا ,pos
 الحشد الشعبي انتم فخرنا ,pos
 الحشد الشعبي ينعى قائد فوج الحمزه الشهيد الرائد عبدالواحد علوان الجبوري خلال تاديه الواجب المقدس في صلاح الدين ,pos
 الحشد_الشعبي والقوات الامنيه تطهر المجمع القضائي شمالي مدينه الرمادي عصابات داعش,pos
 الله يرحمه ويرحم شهداا الحشد الشعبي والقوات المسلحه العراقيه والشفاا العاجل للجرحى,pos
 اللهم احفظ الحشد الشعبي اللهم انصر الحشد الشعبي الحشد_الشعبي الحشد_الشعبي_المقدس لبيك_يا_حسين لبيك_يا_عباس ,pos
 ابشركم نفوق القائد الميداني لميليشيا الحوثي ابو حسين المداني على يد ابطال القوات السعوديه المرابطه على الحدود ال ,pos
 ابطال المقاومه يقبضون علىقائد مليشيا الحوثي بمنطقهمريس مع سبعه من مرافقيه وهم بقبضه المقاومه في مريس بمحافظه الضالع ا ,pos
 افرحي ياتعز وستبشري ياصنعا بعد الصبر جاك الفرج باذن الله ول يخسا الحوثي وشله بقعا العاصفه تجتثكم يامفسدين المله تعز ,pos
 البشائر تتوالى من تعز الصمود وانتصارات ساحقه تحققها المقاومه الشعبيه بدعم من قوات التحالف العربي على ميليشيات الحوثي وعصابات ا ,pos
 التحالف_الخليجي_ضد_الحوثي_وعفاش ساعه الصفر بدات ستكون تعز حكايه عشق لملك انقذها من الموت ومن التغلغل العفن ,pos
 الله اكبر اخبار مفرحه تاتي من اليمن تعز تتحرر الجنوب تحرر وتهامه تتحرر مقتل الكثير من قيادات الحوثي هروب ا ,pos
 الله يحفظه وجنود الوطن وكل شريف يمني ضد الحوثي والمخلوع,pos
 الله ينصر ي اخ محمود والله انكم ي رجال الضالع بينتوا للعالم بانكم رجال ليت كل المحافضات تحذو حذوكم كان ما جلس ,pos
 اللهم انصر جنودنا في معركه_تعز وكن معهم وحقق مرادهم التحالف_الخليجي_ضد_الحوثي_وعفاش ,pos
 اللهم انصر جنودنا وجنود التحالف على الحوثي وميليشيات صالح وطهر تعز منهم وارزق اليمن الامن والامان,pos
 اللهم انصرهم وزلزل الارض تحت اقدام الحوثي وعفاش,pos
 تمنياتنالكم ولشعبكم بالنصر القريب على الحوثي وعفاش واليمن عزيز بكم وبشعبكم وباخوانكم العرب الذين يقفون معكم الان,pos
 عاش الملك سلمان ثم ولد سلمان محمد اللي يعشق المستحيله ما همه الحوثي ولا همه ايران يرسل عليها الموت في كل ليله فهد عباد,pos
 عاصفه الحزم جمله نشاما كل فردن بالالوف ثقله يوازن قدموالارواح ماهابو شهاما ردعو الحوثي صدو المحن ,pos
 عسى الله لا يفرقنا ويحفظنا من كيد الكائدين ابشر ي الحوثي وكل حاقد ترى التكاتف بين الشعبين قائم ودائم ان شاا الله ,pos
 قواهم الله وينصرهم على الحوثي,pos
 مادمت معنا ياسيدي فنحن بخير فوالله لاحبك الا مقاوم ولايكرهك الا عميل السيد_عبد_الملك_الحوثي لبيك_ابا_جبريل ,pos
 بالصوره داعش ولايه تبارك اقدام ال سعود على اعدام الشيخ نمر النمر ,pos
 الوطن ثمنه ارواح تهدى وامجاد تصنع وحضارات تبنى وانجازات يخلدها التاريخ رجال_الحد_الجنوبي سيخلد التاريخ اسم من شارك ونال الشه ,pos
 رجال_الحد_الجنوبي اللهم انصرهم ووحد صفوفهم واهلك عدوهم امين يارب ,pos
 صوره تجسد كل الالم والحزن على فراق زميل في ميادين الشرف يارب انصر وارحم رجال_الحد_الجنوبي اللهم_ارحم_نبيله_شبكشي ,pos
ادعو لهم رجال_الحد_الجنوبي,pos
 شعب قطيف بطل الي الامام لاتراجع النمر حيقود ثوره ميتا ياكلاب ال سعود ,pos
افضل حقبه تاريخيه في عصر المملكه كانت في عهد الملك عبدالله كمم افواه منافقين وتجار الدين والعقول المتحجره قاسم_يهاجم_الملك_عبدالله,pos
 مثلى لا يبايع مثله كم انته عظيم يااشيخ النمر ,pos
 العالم كله استنكر هجمات_باريس وصار بدن يحاربو الارهاب وما حدا عم يستنكر اجرام_اسرائيل بحق فلسطين فلسطين_تنتفض,neg
 الفرنسين يحزنون على الكلبه دييزل ايهما انفع دوله_الخلافه ولايه_الانبار الرمادي ولايه_نينوى هجمات_باريس,neg
 الكل يستنكر ب تفجيرات_باريس واهل سورياكل يوم عندهم تفجير حسافه صار الدم العربي رخيص هجمات_باريس العالم_ضد_الارهاب,neg
 اللاجئون_السوريون يواجهون اسوا كابوس اوروبا هجمات_باريس ,neg
 اللييرالي العربي يبكي ويتالم عند قتل غربي كافر ويصمت عند حرق_القران_في_فرنسا ثم يقولون المسلمون ارهابيون من خضوعكم للغرب ,neg
 المجرم بشار الاسد يدين هجمات باريس ويقول ان هذا ما عانى منه الشعب السوري منذ خمس سنوات مجرم حرب يتحدث عن الاجرام,neg
 المسجد الوحيد بمدينه بيتربره الكنديه يتعرض للحرق من قبل مجهولون على خلفيه هجمات_باريس دون وقوع خسائر بشريه كندا ,neg
 المسلمون في امريكا يواجهون رد فعل عنيف بعد هجمات باريس ,neg
 المسلمين في فلسطين العراق سوريا بورما بين حرب ودم وجوع وحصار ولكن لم ترفع علم اي بلد من تلك البلدان هجمات_باريس ,neg
 الملا الاسد يبتز فرنسا الاعتراف به مقابل معلومات عن هجمات باريس خبر,neg
 الي صار في فرنسا نقطه في بحر الارهاب الاسرائيلي ضد الفلسطينين هجمات_باريس ,neg
 اليمين المتطرف ينشر الكراهيه والخوف من الاسلام في فرنسا بعد هجمات باريس فرنسا هجمات_فرنسا بار ,neg
 امام الخوارج القرضاوي يجيز العمليات الانتحاريه حتى لو كان صد المدنيين اسمعوالفتوى هجمات_باريس,neg
 ان جذور الشر كامنه في السياسات الغربيه لا في العقيده الاسلاميه وفي افعال الظالم المنهجيه لا في ردود افعال المظلوم الفوضوي ,neg
 انتشار الاخبار الكاذبه ونظريات المؤامره بعد اعتدااات باريس via ,neg
 انتقادات لزعيم المعارضه البريطانيه بسبب تصريحه عقب هجمات باريس بان الغرب اوجد الظروف التي سمحت بنشاه تنظيم_الدوله ,neg
 انتقدت رئيس فرنسا بشده وكثير غيري ينتقد الحكومه في الاعلام الفرنسي بعد هجمات_باريس ولم يتهمنا احد بالخيانه او طلب ال ,neg
 انتم ابواق الاعلام الغربي داعش لا يهاجم الغرب انه صنيعهم ويقتل المسلمين فقط منفذ هجمات باريس هي الموساد والمخابرات الفارسيه,neg
 اولا واضح حسدهم على تفوق الغرب لانه يفضح خطابهم الاستعلائي ثانيا لماذا الدفاع عن هجمات_باريس من تحت لتحت ,neg
 اياك ثم اياك ان تكون معتدل بنظر عباد الصليب ستخسر الدنيا والاخره وصيه هجمات_باريس هجمات_فرنسا,neg
 ايها الحقراا هؤلاا لابواكي عليهم تتباكون على الصليبيين ونسيتم مايفعلوه بنا باريس فرنسا داعش هجمات_باريس ,neg
 ايها العالم المنافق باريس_تشتعل فرنسا_تشتعل باريس فرنسا العالم_ضد_الارهاب هجمات_باريس_الارهابيه غزه ,neg
 باريس تهتز على وقع نمط ارهابي اكثر عنفا تفجيرات_باريس هجمات_باريس ,neg
 باريس مدينه النور بنيت على ظلمه الظلم وجماجم الشعوب المقهوره هجمات_باريس تفجيرات_باريس لن_اعتذر_لفرنسا ,neg
 باريس هجمات باريس مشروع دولي مشترك للعنف ,neg
 بدات اشك ان العالم لا تصلهم ماساه عالمنا العربي والا لحزنوا علينا كما حزنوا لضحايا باريس هجما ,neg
 بعد ذبح 1700 عراقي شيعي في مجزره_سبايكر رفض الازهر تكفير داعش فجاه بعد هجمات باريس صاروا خوارج وكفار الخ الخ ,neg
 بعد هجمات باريس روسيا توسع غاراتها في سوريا قبله الحياه لاسد اسرئيل تحظر الحركه الاسلاميه وتستانف الاستيطان للاسف الام ,neg
 بعد هجمات_باريس العقلاا يتحدثون عن عمل استخباراتي يضحي بالابرياا لاجل المصالح السياسيه و الخبثاا يتحدثون عن خطر الا ,neg
 بعد هجمات_باريس حرق مخيم اللاجئين السوريين في فرنسا هجمات_باريس باريس ,neg
 بعض جرائم الفرنسيين التي لم يعتذروا عنها قنص العزل في الجزائر تحذير لن_اعتذر_لفرنسا هجمات_باريس_الارهابيه ,neg
 بلد الجمال والفن والحب يتعرض لهجمات شرسه عندما يحضر الجهل والتطرف يغيب الامن وتتقهقر الحضاره ويعبس وجه الانسانيه ,neg
 بيجيدا تحشد ضد الاسلام في المانيا استغلت حركه بيجيدا المناهضه للاسلام هجمات باريس للحشد ضد المسلمين في ,neg
 بيغيدا تستغل هجمات باريس لزياده العداا ضد الاسلام ب المانيا ,neg
 تاريخ فرنسا الارهابي العفن الدوله_الاسلاميه دوله_الخلافه هجمات_باريس,neg
 تبا للمنافقين وهذا مصير اللاجئين في اوروبا بعد هجمات باريس الدوله_الاسلاميه ,neg
 تخيلوا بكل وقاحه بشار الفار بعد قتل اكثر من 300الف وهجر اكثر من 8مليون للخارج ينوح ويشجب ويدين هجمات_باريس_الارهابيه فعلا ا ,neg
 تداعيات هجمات باريس على المسلمين في الغرب اعتدااات_باريس هجمات_باريس_الارهابيه,neg
 وقد راينا كيف وقف المجتمع_الدولي بقضه وقضيضه وعملائه العرب والعجم عاجزا حائرا لا يعرف كيف يتصرف في سوريا و ليبيا و ,neg
 ولكن خذ مني نصيحه والله لن يحك جلدك مثل ظفرك يا اهل اليمن لا تعتمدوا على السعوديه في انتصاركم على الحوثي و عفاش واعتمدوا ,neg
 ولن تغني وان الله مع المومنين لن تغني عنكم كثرتكم يا ال_سعود ان الله مع اهل اليمن المومنين الزمالك يا_اخوان ,neg
 يا اخوه الاسلام احذروا ضلالات_الجفري فهو عدو للاسلام والمسلمين والتوحيد والسنه اللهم اكف المسلمين شره وشر امثاله الامارا ,neg
 يا من تتباكون على ضحايا فرنسا هناك شعب يقتل كل يوم في اليمن وهناك تفجيرات في لبنان و الكويت و سوريا و العراق لماذا هذه ا ,neg
 يابخيتي لتعلم انت وحثاله المجوس من بلسان عربي وهواا وعبوديه مجوسيه ان صنعاا العرب ليست گ سوريا والعراق وغيرها اليمن خط احمر,neg
 يذرفون الدمع على سقوط قطره دم في باريس ويتناسون الاف الضحايا الذين سقطوا في سوريا و العراق و اليمن و فلسطين ,neg
 يقتل 30 يمني بشكل يومي ويجرح180منذ مارس 2015 الحصار سبب ازمه شديده ف الطعام والوقودلدرجهان رب اسره تمنى الموت له واسرته ,neg
 يمن_الصمود مدرسه ب اليمن بعد تدميرهاااا من قبل gt gt التخااالف ,neg
 يوجعع قلبي عليك ي يمن دمروووك جعلهم ب الدمار اللهم احفض اليمن واهلها من جميع الحروب والفتن ,neg
 يوهانس فان الصراع الدائر في اليمن _مدمر_ كما انتشر الى 20 من اصل 22 م ,neg
 يوهانس فان الصراع الدائر في اليمن ادى بدوره الى وضع انساني بائس وازداد ,neg
33 سنه الشويش عفاش يحكم اليمن بالعسكر ردت فعل بسيطه اخرتها الجيش يقتل شعب مع اذناب ايران اليمن,neg
60 مليار دولار قيمه ثروه المخلوع صالح طوال فتره حكمه عدن اليمن صنعاا ,neg
Retweeted هاني مسهور كما كان مخطط له الحليلي بدا في التحرك على جبهه حضرموت خوفا من تحرير اليمن ,neg
ابكيك يا وطني ام انت تبكيني الجرح_فيك لكن نزفه فيني اليمن ,neg
احد اقاربي كان قنصل عسكري في اليمن قال كلمه رنانه في اليمن النساا اشرف من الرجال ,neg
اذا ماقامو اهل صنعاا مع هادي يمكن تتحول عدن العاصمه ويمكن في المستقبل يكون فك الارتباط على قبائل صنعاا ضرب المخلوع والحوثي اليمن,neg
ارساليه من الجيش السعودي الى كلاب ايران ليله منوره ع روؤسهم صعده تعز اليمن ,neg
اصابه 20 مواطنا واضرار بمنازل جراا تفجير سياره مفخخه اعقبه الاشتباكات مع مسلحين يعتقد انتمائهم للقاعده بحضرموت شرق اليمن,neg
الامم المتحده تحذر من تسارع وتيره انهيار الخدمات الاساسيه في اليمن جراا اليمن صنعاا عدن ,neg
البارحه عاشت باريس في ليله مظلمه مرعبه ولكن مدنا في سوريا و العراق و اليمن وغيرها من بلاد المسلمين عاشت في ليله اشد ظلمه ورعبا ,neg
الحمدلله الذي هدى كثيرا من الشيعه الرافضه لاتباع السنه وهذا شيعي مهتدي من القطيف مكه المدينه القطيف اليمن غزه,neg
الشيخ المعمري يصاب بالشلل اثر تعرضه لتعذيب بشع في سجون الحوثي بصنعاا اليمن صنعاا تعز ,neg
القوات المواليه للشرعيه تنصب كمائن التحالف_العربي يقتل عشرات الحوثيين في جنوب اليمن ,neg
القوه الصاروخيه للجيش واللجان الشعبيه تستهدف تعزيزات للمرتزقه والقوات اليمن صنعاا عدن ,neg
القوه العسكريه بمفردها كانت نقمه على الحكومه السعوديه في اليمن كمثال عندما ارتكبت جرائم ترتقي لان تكون جرائم حرب ,neg
اللهم في هذا اليوم المبارك ياقادر ياعظيم اهلك ايران والروس وكل من حارب الاسلام والمسلمين سوريا اليمن,neg
المقاومه الشعبيه والجيش اليمني يستعيدان مدينه دمت من ميليشيا الحوثي و المخلوع صالح الحرب_على_الحوثيين تحرير_اليمن الحوثيين اليمن,neg
الواقع يتحدث لولا الله ثم السعوديه وبعض دول الخليج لاختلط الحابل بالنابل في جميع انحاا الوطن العربي والسبب الرئيس هي مراهقه ايران اليمن,neg
الوهابيه الدواعيش يدعون التقرب لله بقتل احباب الله الاطفال في العراق و سوريا و لبنان و اليمن بعبوات ناسفه في ,neg
اليمن جريمه بشعه في عدن اليمن اليمن_الان,neg
انا يمني يوهانس فان الصراع في اليمن زاد من تفاقم الوضع الانساني بسبب الاستهتار شبه التام بحياه البشر وال ,neg
اوقفوا شلالات الدم في سوريا العراق اليمن ليبيا وفي السودان الصومال نريد عالم يحيى بسلام دعوه لمسيرات في جميع دول العالم الحر ,neg
اين حشودالثورهالمهيبهفي الشمال لماذا هذا الانبطاح هل اصبح الشمال حوثه تعز اليمن السعوديه اعاده_الامل ,neg
اين كنا وكيف صرنا في بلدي اليمن لا اجد الا الخراب والدمار وقصف هنا وضرب هناك وكل يدعى ان ذلك لمصلحتكم فوا عجبا من هذا وذاك,neg
بوابه اليمن الاخباريه حصيله اخيره وتفاصيل باحتدام معارك النحر بشبوه اشتدت المعارك بين طرفي الحرب الخميس 19 ,neg
تبا مه مسلمه صمتت امام عدوان يقتل النساا وا طفال في اليمن سحقا لكم ايها العرب اتبرا منك ايها العالم حكمه صنعاا ,neg
اعدام نمر النمر بالقصاص بحد السيف هو اجتثاث لراس الفتنه والارهاب بعد سنوات عاث بالارض فسادا وتاجيجا وتاليبا وتطاولا على حكامنا حفظهم الله,neg
اعدام نمر النمر خطوه اخرى لرمي الشيعه العرب في احضان ايران والانظمه التي تتبع هذه الاساليب مع الشيعه تقوي نفوذها في الشرق الاوسط السعوديه,neg
اعدموا الشيخ النمر لانهم كلاب مسعوره والكلب يخاف من النمر وال سعود كلاب تاكل لحوم البشر منذ تسعه اشهر في اليمن,neg
اعلام السيسي يصف النمر بالعمامه الثائره ,neg
ال سعود فتحوا باب من ابواب جهنم بااعدامهم الشيخ النمر لن يهدا لهم بال بعد الان القطيف تنتفض,neg
ال سلول عدمت 46 ارهابي حتى استطاعت ان تعدم نمر النمر خوف من ايران حقيقه الثار_لاسرانا,neg
التعاطف مع الارهاب والتسويغ له ارهاب يضاهيه مثل هذا البيان تمرد علني يجب ان لا يمر مرور الكرام للفتنه جذور وسقاه ,neg
الحرس الثوري الايراني السعوديه ستدفع ضريبه اعدام الشيخ النمر ,neg
الخنزير نمر النمر الى جهنم وبئس المصير ,neg
السعوديه تعلن القصاص من الارهابي نمر النمر و46 ارهابي اخر فماذا فعلوا اذناب ايران بعد الخبر ,neg
السعوديه تقدم على حماقه جديده باعدامها الشيخ نمر باقر النمر ,neg
السلطات البحرينيه تقمع تظاهرات حاشده تنديدا بجريمه اعدام الشيخ النمر قناه الغدير,neg
الشيعه زعلانين على قصاص النمر ويسوون حشود ومظاهرات ويقولون النصر او الشهاده ولاطلعت لهم مسدس مويه انحاشو طيب النصر يالحبيب الشهاده طيب ,neg
العالم بانوراما جريمه اعدام الشيخ النمر وتداعياتها وموقف الاوساط الدوليه منها برنامج بانوراما ياتيكم في ب ,neg
الله ياخذهم ,neg
اللهم اضرب الظالمين بالظالمين ,neg
اللهم يا جبار السماوات والارض اجعل كيدهم في تضليل ومكرهم الى بوار واجعل الدائره عليهم ال سعود اسره باغيه متكبره ,neg
المفروض الان نكون يد وحده اليمن وسوريا والعراق ونظرب ظربه رجل واحد مملكه العهر ,neg
الملتقى الاسلامي يدين جريمه اعدام الشيخ نمر باقر النمر نص البيان بسم الله الرخمن الرحيم وصلى الله على نبيئنا ,neg
النمر الشهيد بيد يهود خيبر الشيخ_النمر,neg
الى جهنم يانمر النمر ايه الرافضي الخبيث ,neg
امه والله لا يلبث ال سعود بعد اعدام الشيخ النمر الا قليلا ستدور بهم الايام حتى ينزع الله عنهم سلطانهم,neg
ان اعدام الشيخ المجاهد نمر النمر هو بدايه النهايه لحكم ال سعود ,neg
ايران تحتج على اعدام مواطن سعودي من الطائفي هنا نحن ام هم ,neg
ايه الله العظمى الشيخ ناصر مكارم شيرازي العالم الاسلامي سينتقم للشيخ النمر من ال سعود اعدام_الشيخ_النمر الشيخ_النمر الشهيد_الشيخ_النمر,neg
بالامس كان حسن شحاته وبه تهدمت دوله مرسي واليوم الشيخ النمر وبه تتهدم مملكه ال سلول,neg
بعد القصاص_ب 47_ارهابي منهم نمر النمر اللي كان يحرض ضد الدوله الان ايران تبكي ومظاهرات امام السفاره السعوديه هناك ,neg
بعيدا عن خلط الحابل بالنابل في حفله الاعدام اللي صارت اليوم لكن مش من الحكمه ولا من العقل ولا من الحنكه يخلقون من نمر النمر بطل ثوري ,neg
تلقى باسف بالغ و اثناا تعديله لسرواله نبا قتل المجرم نمر النمر ,neg
جريمه اعدام الشيخ نمر النمر بيان السيد القائد مقتدى الصدر اعزه الله 2 1 2016 ,neg
حدوث ثوره عارمه في السعوديه جراا اعدامها للشيخ نمر النمر والمانيا تحذر من حدوث عواقب لا تحمد عقباها جراا هذا ,neg
حقيقه الارهابي نمر النمر جريمه_اعدام_الشيخ_النمر استشهاد_ايه_الله_النمر,neg
حقيقه الارهابي نمر النمر جريمه_اعدام_الشيخ_النمر الموت_لال_سعود,neg
حلال على الشيعه الحزن وانتقاد هلاك نمر النمر بس حرام عترحم علشيوخ السنه وتنتقد اعدامهم,neg
خرط لاتصدقوا ايران لوهم عندهم اخلاق يطردوا السفير السعودي ويدعموكم بالسلاح يااحرار العواميه ,neg
رئيس البرلمان الايراني علي لاريجاني السعوديه وقعت في دوامه لن تخرج منها بسهوله واعدام الشيخ النمر سيزيد من المشاكل الامنيه,neg
رئيس الوزراا العراقي يصرح ان ما فعلته السعوديه ضد النمر هو تكميم الافواه حق يراد به باطل تم اعدام النعيمي ,neg
رئيس وزراا العراق يندد باعدام النمر في السعوديه ,neg
 طعن_مبتعثه_بامريكا مسكين السعودي كل التهم يلصقونها فيه لاثبات عدم عنصريه الغرب ,neg
 طعن_مبتعثه_بامريكا من السخف ان تنتقد برنامج الابتعاث بسبب حادثه فرديه الابتعاث بالمجمل لا اراه الا جعل المبتعثين يتمس ,neg
 طعن_مبتعثه_بامريكا هم لن ولم يسمحوا بتصدير العلم والعلماا لنا لن يصدروا لنا سوى الخراب والقتل ,neg
 طعن_مبتعثه_بامريكا وربي اني حزين علشانها شوفو عيوني كيف حزين متضايق ,neg
 طعن_مبتعثه_بامريكا وقبلها مقتل ساميه ميمني وقصه الدوسري وغيرها الكثير تبين حقيقه امريكا واغتيالها للفكر والمفكرين ,neg
 طعن_مبتعثه_بامريكا يتعرضون للقتل والبعض يتعرضون للظلم من قبل الملحقيه واخرون يعودون بافكارمنحرفه ونحن متضامنين مع بلادهم ,neg
 هو تربى على افلام هوليود وتعلم فنون الجريمه ورضع من حليب الاعلام الصهيوني ونفذ فعله المشينه طعن_مبتعثه_بامريكا ,neg
 BBC فقدت مصداقيتها منذ بدات عاصفه الحسم نقلها لاخبار الحرب باليمن غير مهنيه كما وصفها احد السياسيين البريطانيين ,neg
 طقطقه_على_الحوثي من علامات انهيار_الحوثي الكذب الاعلامي عاصفه_الحزم اقتربت ساعه الحسم ,neg
 عاصفه_الحزم اتضح بعدها ان دولا خليجيه تغرد خارج السرب اما لطائفيه سبب تاخر الحسم باليمن واما مغلوبه على امرها بالاحتلال الاقتصادي الناعم,neg
عاصفه الحسم ومستقبل اليمن اليمن الان على حافيه الهاويه ومن هذا المنطلق اطالب بحل سياسي يرضي الكل وحق المواطنه,neg
 بيان وزاره الداخليه السعوديه بخصوص تنفيذ حكم القصاص في 47 ارهابيا صوره لدعاه الضلال ,neg
 عاجل_واس وزاره الداخليه الفئه الضاله انتهكت الحرمات واستهدفت زعزعه الامن,neg
 لن تطيب نفوس ذوى ضحايا الاحكام في السعوديه في ظل محاكم سريه تحت سيطره وزاره الداخليه وتفتقد لضمانات المحاكمه العادله ,neg
 ملازم_اتحادي_يستغل_وظيفته_لظلم_الابرياا وين وزاره الداخليه عن هذولي الدخلاا على امننا ,neg
 يا وزاره الداخليه الى متى يتواصل مسلسل الفبركات بتصوير من يسمون انفسهم اعلاميين وهم في الاصل محرضين ,neg
 ياليت وزاره الداخليه تسحب الكلب الذي في بريطانيا ينبح كل وقت وهو سعد الفقيه او سعد السفيه,neg
فاقد الشيا لا يعطيه فتمادي الحكام السعودي اصبح مكشوف للعالم ,neg
 <U+2665>اللهم ارحم الشيخ النمر <U+2665> <U+2665> واحشره بدمائه يوم الحشر<U+2665> <U+2665> ليقتص من ال سعود<U+2665> ,neg
 11 7 بعد هلاك نمر_النمر نعقت اصوات في ايران بتهديد السعوديه بدفع الثمن وتلك شنشنه فاضحه معروفه من ايران واذنابها فهل ,neg
 اتظاهروا علمود النازحين اتظاهروا علمود جرائم داعش اتظاهروا علمود الخدمات مو بس كم اسبوع بالبلد مشاكل اكثر اهم من النمر و ا ,neg
 احباط شديد و لطم شغال في الضاحيه بعد اعدام المعمم الارهابي نمر النمر و قطعان بيئه حزباله تريد التظاهر ضد السفاره السعود ,neg
 احراق القنصليه دلليل قاطع على طائفيه ايران النمر سعودي وبلده حكمت عليه لكونه حرض على قتل رجال امن ابرياا فلماذا تت ,neg
 احكام الاعدام التي اصدرها نظام ال سعود احكام خبيثه حيث انها موجهه لطلبه العلم والدعاه واصدر حكم بحق النمر للتخفيف من ص ,neg
 اذا كانت ايران تحارب داعش حقيقه وتعاديهم لماذا لم تشكر حكومه المملكه في اعدام مجموعه من اصحاب هذا الفكر وانما هي تتباكى على عم ,neg
 اراد النظام السعودي من خلال اعدام الشهيد ايه الله النمر ضمن مجموعه تضم 47 شخصا ان يغطي ويذيب دم الفقيه الشهيد بين الدماا فف ,neg
 استشهاد_ايه_الله_النمر اطالب الحكومه السعوديه بعرض اعدام نمر النمر خل اذناب ايران وشعب ايران يموت في غله,neg
 استشهاد_ايه_الله_النمر كانت دماا الشيخ حسن شحاته نهايه حكم الاخوان الكافرين وستكون دماا الشيخ النمر نهايه لحكم ال صهيو ,neg
 اسد_السنه_سلمان احراق القنصليه السعوديه في مدينه مشهد الايرانيه قبل قليل بعد اعدام الهالك نمر النمر <U+0670> اقول لا يضر السحاب نبح الكلاب,neg
 اعدام الارهابي المجرم المعمم الطائفي نمر النمر هو رد سعودي اول على اغتيال الشهيد زهران علوش يجب ان يتحد المسلمين ضد عد ,neg
 اعدام الشه يد نمر النمر لن يمر مرور الكرام الايام قادمه يا اشباه الرجال,neg
 اعدام الشيخ النمر هو مخطط صهيوني قدتم تنفيذه بواسطه ابنائها المطعين ال سعود للحفاظ عليهم وعلى عروشهم ,neg
 اعدام النمر يصح فيه قول الشاعر القمع اساس الملك شنق الانسان اساس الملك حكم البوليس اساس الملك تاليه الشخص اساس ,neg
 اعدام نمر النمر اظهر كل من يؤيد الارهاب ويقف الى جانبه من خلال صراخهم وتنديدهم باعدامه,neg
 اعلام السيسي يهاجم السعوديه ويصف نمر النمر بالاصلاحي الثائر من اعان ظالما سلطه الله عليه ,neg
 ال سعود الى مزبله التاريخ النمر الشهيد لن يقتلوك انما قتلتهم,neg
 الا لعنه الله عليكم مثل الشيخ النمر ابن لنمر لا يبايع مثلكم ولو قطعتموه اربا اربا الشيخ_النمر_شهيد ,neg
 الاتحاد الاوروبي اعدام الشيخ النمر يزيد من اشعال التوتر الطائفي وعلى السعوديه مصالحه شعبها ,neg
 دخلت امراه النار في هره حبستها لا هي اطعمتها ولا تركتها تاكل من خشاش الارض فما ظنكم بحبس 2مليون مسلم في قفص مظلم حصار_غز ,neg
 دخلت امراه النار في هره حبستها ولم تدعها تاكل من خشاش الارض فكيف بشعب مسلم حصار_غزه_جريمه_اباده,neg
 دخلت امراه النار في هره ربطتها فلا هي اطعمتها ولا هي ارسلتها تاكل من خشاش الارض حتى ماتت هزلا فكيف بمن يحصار شعبا حصار_ ,neg
 دخلت امراه النار في هره ربطتها فلم تطعمها ولم تدعها تاكل من خشاش الارض فكيف بمن يحاصرون في معبر_رفح بقطاع غزه حصار_غزه ,neg
 رضوان الاخرس نقترب من العام العاشر للحصار وكل مناحي الحياه تكاد تنهار فلا كهرباا طبيعيه ولا سفر ولا علاج ولا اعمار حصار_ ,neg
 سبب التخاذل العربي والاسلامي في حصار_غزه_جريمه_اباده ,neg
 سيبقى حصار غزه من الداخل والخارج مستمر ما لم يقل الشعب الفلسطيني كلمته وينتفض على الفساد والدكتاتوريه الداخليه حصار_غزه_ ,neg
 صبرا فانتم درع للاقصى يؤسفنا انا نشاهد ونوثق مايحدث حصار_غزه_جريمه_اباده,neg
 عار واي عار ان يكون الحصار بفعل الجار ويكون اشد واسوا من حصار الاحتلال هو ابشع واشنع وافظع من ان يقال حصار_غزه_جريمه_ ,neg
 على اساس مصر ام الدنيا يا خساره ماتوا الطيبين في25 يناير يا مصر قومي وشدي الحيل حصار_غزه_جريمه_اباده حصار_غزه,neg
 عن السلام يتحدثون بحضره اسرائيل دين رحمه وب الارهاب يتشدقون بحضره فلسطين انسانيه رحمه للمعتدين وشياطين ع المظلومين حص ,neg
 غزه اصبحت اسيره بين الصهاينه وحصار عميلهم السيسي اللهم قد مسهم الضر وانت ارحم الرحمين حصار_غزه_جريمه_اباده,neg
 غزه الان تتجمد ومن اهلها من يسكن بخيمه ومنهم بلا كهرباا ولا تدفئه اللهم ابسط دفئك عليهم حصار_غزه_جريمه_اباده ,neg
 غزه التي كانت تحت الوصايا المصريه ويربط النسب بين اهلها و اهل مصر تجوع وتحاصر بيد مصريه اصبح باسنا بينا وليس على عدونا حصا ,neg
 غزه انت حزن حقيقي وهراا ما كان قبلك من الاحزان حصار_غزه_جريمه_اباده السيسي_يغرق_حدود_غزه ,neg
 غزه حصار_غزه_جريمه_اباده السيسي_يغرق_حدود_غزه اللهم مزق قلبا ابكى غزه قهرا ,neg
 غزه عاشت ثلاثه حروب مدمره وحصار خانق تشارك فيه بالاضافه للاحتلال الصهيوني اطراف عربيه ومحليه انتجت واقعا كارثيا حصار_غزه_ ,neg
 غزه كلمات تفككت احرفها وانتشرت في فضاا الضيق فان لم تلملمها يد العون وتكتبها ستحمل الموت على احرفها للجميع حصار_غ ,neg
 غزه لاشيا يحرك ضمير هذاالعالم القذر سوى المصالح حصار_غزه_جريمه_اباده,neg
 غزه واجهت ثلاثه حروب لوحدها وحصار اسرائيلي خانق لا زال موجود منذ اكثر من عشره اعوام حصار_غزه_جريمه_اباده,neg
 غزه يحكم خناقها ويعظم بلاؤها ويطفا نورها وتخبو حركاتها ويتعالى في ارجائها انين المكلومين وتوجعات المرضى والمصابين حصار_ ,neg
 في كفه مكر العدو وجنده والعرب طرا مكرهم في كفه والكفتان اذا جمعتهما معا ما ساوتا بالمكر مكر الضفه ظافرالقرني حصار_ ,neg
 في هذا الحصار اجتمع مكر اليهود وخبث الصهاينه العرب حصار_غزه_جريمه_اباده,neg
 كان الله بعون غزه واهلها حرب من اليهود وحصار من خونه ومجرمين العرب حصار_غزه_جريمه_اباده,neg
 كرها بالاخوان وقف مع بوتين ضد تركيا كرها بالاخوان وقف مع الصهاينه ضد حماس ويزعل اذا قلنا متصهين حصار_غزه_جريمه_اب ,neg
 كلاب حماس يصرخون هنا حصار_غزه_جريمه_اباده ويتهمون السيسي ولكن الحقيقه تجدونهاهنامن الشعب الفلسطيني سلموا_المعبر ,neg
 كنا نعيش وهم ان الامه العربيه ضد الاحتلال وستحارب اليهود الثورات فضحتهم ومن يحاصر غزه جيوش عربيه حصار_غزه_جريمه_اباده,neg
 لا اله الا الله السيسي عدو الله حصار_غزه_جريمه_اباده,neg
 لا بارك الله في حاكم ترك غزه تحت الحصار دون ان يفعل شيا ايجابي لها ولشعبها واخزى الله كل من شارك في حصارها وخنق اهلها حصار_غز ,neg
 لا تسترحموا المصريين ان يفتحوا معبر_رفح فقط اطلبوا من المرضى الدعاا عليهم حصار_غزه_جريمه_اباده افتحوا_معبر_رفح غزه رفح ,neg
 لا فرق بين من يؤيد السيسي ومن يؤيد نتنياهو كلاهما يقتلان الفلسطينيين حصار_غزه_جريمه_اباده,neg
 لاخير فى مصر الانقلاب فصهاينه مصر اقذر من صهاينه اسرائيل سامحينا ياغزه حصار_غزه_جريمه_اباده,neg
 لتدرك حجم معاناتهم تخيل نفسك واطفالك يرتجفون حولك من شده البرد في كرافان مظلم لا كهرباا فيه ولا طعام ولا حتى امان حصار_غزه ,neg
 لعنه الله على كل صهيون و كل خائن متصهين جاا لاعانه اسرائيل على دمار فلسطين حصار_غزه_جريمه_اباده ,neg
 لكل ظالم نهايه وقلوبنا معكم يااهل غزه حصار_غزه_جريمه_اباده حصار_غزه,neg
 للاسف لقد استطاع العدو واذنابهم المنافقين اقناع المسلمين ان لا يهتموا الا باقطارهم الجغرافيه التي صنعها لهم عدوهم حصار ,neg
 لو اتجمعت دعوات المظلومين ممكن تخسف بالظالم الارض يا ريت يتداركوا انفسهم قبل فوات الاوان حيث لا ينفع الندم حصار_غزه ,neg
 لو ان مصر تركت معبر_رفح مفتوحا في وجهنا لما تاثرنا من الحصار الاسرائيلي لكنها للاسف انحازت للباطل فاغلقته وحاصرتنا حص ,neg
 ياحجيه عيب انك تتنتقدين وتهرولين مع القطيع والمقال واضح امامك عينيك قاسم_يهاجم_الملك_عبدالله,neg
 يبطي الخونه والمتربصون لن ينالوا منك ياسيد ملك قلوب الناس ولن ينسفها سفيه ختم الله ع قلبه قاسم_يهاجم_الملك_عبدالله ,neg
 يدافعون عنه بقولهم انه يقصد التويجري متى حكم التويجري السعوديه ومتى كانت له حقبه عذر خبيث فهل تعمدوا ذلك قاسم_يها ,neg
 يصف الخسيس عبدالعزيز قاسم الاعلام في عهد الملك_عبدالله رحمه الله ب الحقبه الداكنه الداكن الوحيد وجهك القذر قاسم_يهاجم_الملك ,neg
 يقول قاسم كانت فتره داكنه نعم هي فتره داكنه على الاخوانجيه امثالك قاسم_يهاجم_الملك_عبدالله ,neg
اتمنى من خادم الحرمين الشريفين الملك سلمان الاقتصاص للشعب من هذا المنحط الذي اذى انسانا في قبره وليس اي انسان قاسم_يهاجم_الملك_عبدالله,neg
اجتمع مدعو الثقافه ورموز الاعلام المدفوع مسبقا في هاشتاق واحد يؤلبون السلطه ضد كاتب مقال لانه فضحهم قاسم_يهاجم_الملك_عبدالله,neg
اخرس يالئيم لقد اصبحت ذليلا وصاغرا اين كان صوتك في عهده قاسم_يهاجم_الملك_عبدالله,neg
اخسا صاغرا وما مهاجمه ابو الشعب بعد وفاته الا حقد دفين ولايقافك تلك الفتره حكمه حكيم قاسم_يهاجم_الملك_عبدالله ,neg
اخونجي محترق هذا شانهم التزلف والنفاق عندما كان حيا كان هذا الخنزير يمدح ويتزلف قاسم_يهاجم_الملك_عبدالله,neg
اذا اردت نموذج حقيقي عن القطيع و كيف يفكر القطع و كيف يحكم القطيع على الامور فهذا التاق يلخص حكايه القطيع بالكامل قاسم_يهاجم_الملك_عبدالله,neg
اذااردت ان تعرف خونهالاوطان فسوف تجده هنايرفع شعار الكذب والتدليس على من فضح شيئامن الصحافهالليبراليه الدنيئه قاسم_يهاجم_الملك_عبدالله,neg
اذناب المخلوع خالد التويجري كلوا تبن قاسم_يهاجم_الملك_عبدالله,neg
اسوا مافي عهد الملك عبدالله تصدر هؤلاا للمشهد بالله هذولا تنويريين قلوب حالكه السواد قاسم_يهاجم_الملك_عبدالله ,neg
اعلام الانقلاب المصري يهاجم الملك سلمان ويهدده ولانسمع اونري دفاع الليبراليين اكشفوهم قاسم_يهاجم_الملك_عبدالله,neg
اعلام السيسي شغال بالسب بالملك سلمان ولا تكلمتوا ليه قاسم_يهاجم_الملك_عبدالله,neg
اغاضهم الدفاع عن الشيخ سعد و بيان مكر الصحافه فجاؤا ب قاسم_يهاجم_الملك_عبدالله وهم فهم لم ينقدح الا برؤسهم,neg
افجر من الليبراليه ومطيتهم الجاميه في الخصومه مافيه زلايب قاسم_يهاجم_الملك_عبدالله,neg
اقسم لك انني اكاد انفجر حزنا على الاسلام والمسلمين واننى افزع لما يجري للدين على يد امثالك من المتطرفين قاسم_يهاجم_الملك_عبدالله,neg
ال سعود وطنوا حثاله البرماويه و الافارقه من اجل طمس هويه مكه العربيه و تاريخها العريق قاسم_يهاجم_الملك_عبدالله,neg
الا الملك عبدالله رحمه الله لعنه الله على شواربك هذاصاحب مقوله السجون فنادق خمس نجوم قاسم_يهاجم_الملك_عبدالله ,neg
الاخوانجيه شوي ويجيبون المصحف ويحلفون ان المقال غير صحيح قاسم_يهاجم_الملك_عبدالله,neg
الاخواني بشخصه قذر ما يطهر الا ابونا رحمه الله قاسم_يهاجم_الملك_عبدالله,neg
الاعلام الموجه يبدا حمله مسعوره لاسقاط احد ابرز الغيورين على دينهم ووطنهم حسبي الله ونعم الوكيل قاسم_يهاجم_الملك_عبدالله,neg
البعض همهم التشكيك والطعن في وطنيتنا قاسم_يهاجم_الملك_عبدالله,neg
الذم في الميت تطبيلا للحي ورفع اسهمه نفاق ووساخه باسم الدين وكلله يقول ديننا دين ربي صار دينهم حقهم قاسم_يهاجم_الملك_عبدالله,neg
الرعاع اللي الموك على اي اساس وصفتهم بالرعاع شهاداتهم ام انتمائتهم قاسم_يهاجم_الملك_عبدالله,neg
الطبالين بدو يهاجمون بعض انتوا مسخره قاسم_يهاجم_الملك_عبدالله ,neg
العلمانيين قوم بهت مثل اليهود كذابين يوم شرشحهم المقال وما اعجبهم قالوا قاسم_يهاجم_الملك_عبدالله,neg
اللبراليه والجاميه توحدوا في الكذب والبهتان لعنكم الله ورحم الله ابو متعب وحفظ الله سلمان العز موتوا بغيظكم قاسم_يهاجم_الملك_عبدالله,neg
اللي يتهجمون عليه يا انهم متعاطين يا انهم موسوسين ويشوفون كلام مانشوفه احنا قاسم_يهاجم_الملك_عبدالله,neg
الليبرالين انعطيتو وجه والله حلالها من تفل بوجيهكم تفشلون انفسكم وعيالكم وعائلتك قاسم_يهاجم_الملك_عبدالله,neg
الليبراليون هذه النبته الخبيثه في الدول العربيه هي معول هدم فلا دين ولا خلق ولا شهامه عرب قاسم_يهاجم_الملك_عبدالله ,neg
الليبرلي اللي ينتحب على عصر عبدالله التنويري معنى كلامه ان عصر سلمان ظلامي طلع نفسك من هالورطه ياليبرلي الغفله قاسم_يهاجم_الملك_عبدالله,neg
المتاجرون والرعاع يكذبون ويقولون قاسم_يهاجم_الملك_عبدالله ولكن لن يصدقهم الا رعاع الرعاع من الليبروفاشيين,neg
المفترض الا يحاسب فقط قاسم_يهاجم_الملك_عبدالله على هذا الامر بل برنامجه كله اسااات واجندات خبيثه تخدم دول تعادي السعوديه,neg
المقال مدح مقزز للشيخ الشثري لايرضاه ابدا ولم يكن هدف الكاتب هو المدح بقدر ماكان تصفيه حسابات مع عهد الملك عبدالله قاسم_يهاجم_الملك_عبدالله,neg
المؤسف ان من يقود هذه الحمله لتكميم فم صحفي ومصادره رايه هم صحفيون ليبراليون قاسم_يهاجم_الملك_عبدالله,neg
 نمر_النمر او غيره يا عبد كلهم ضحايا لبقاا العرش السعودي كل مظلوم ننصره وكل ظالم سندحره باذن العزيز القدير ,neg
 ننتظر مفاجاه بحرينيه باعتقال واعدام الارهابي عقيل الموسوي وهو لا يقل خطوره عن نمر النمر وحسن نصرالله جيري_ماهر,neg
 نهايه الحكم السعودي بقتلهم للشيخ المجاهد نمر النمر انا لله وانا اليه راجعون ,neg
 هذا جزاا الذي يثير الطائفيه و الفتن ويحرض على القتل يعني لو انت عندنا كان جاك ماجاه اذهب الى الجحيم يا نمر النمر ,neg
 هذي رساله من الملك سلمان حفظه الله الي كل ذنب وخاين للايران تطير راس نمر النمر ,neg
 هكذا سيلطم قطيع ايران بيئه الزباله حزباله في لبنان لمده اسبوع بعد اعدام الارهابي المعمم نمر النمر في السعوديه ,neg
 هل عرفتوا الان من يقفون خلف هذه الحسابات اللي تسخر من الدين والوطن هاهو اليوم يلطم على اعدام الارهابي نمر النمر ,neg
 هم 47 شخص كلهم اعدام عادي لكن نمر النمر لا حرام بذلك ايران و المنظمات ذات الاجندات تدافع عنه و عن ارهابه,neg
 ههههه نوري مالكي الخايس القذر المجوسي الذي قتل ربع الشعب العراقي يصف اعدام نمر النمر المجرم بالارهاب فلتخرس ايها الكلب,neg
 هؤلاا اصلاحيون مصيبه ان يساويهم المعارض بالارهابي نمر النمر وعصابته وارهابيي داعش والقاعده ,neg
 والله تعقب وتسمي نفسك اتحاد المراه السعوديه وانت تسب السعوديه يا ذنب من اذناب ايران زعلان عشان نمر النمر الشيعي ذبحناه ,neg
 وانتم ياملالي ايران كم قتلتم من علماا اهل السنه بلامحاكمات ولاقضاا بل قتلكم لانهم من ليسوا روافض ,neg
 وزاره الداخليه اعدام 45ارهابي ومصري وتشادي وراس الفتنه نمر النمر,neg
 وش خان نمر النمر الوطن فيه الظاهر الخيانه خيانه على وزن نمر النمر هذا الي طلع معي عندتس خطه ثانيه يا ندى ,neg
 وعلى راسهم الكلب نمر النمر,neg
 ومن سمح لكم يادوله الشر التدخل في قضائنا وسيادتنا سنعدم نمرومن على شاكلته من الارهابيين ولن نهتم لسخافتكم وتهديداتكم ,neg
 وهل نمر النمر مواطن ايراني حتى تحتج فان لم يكن فعلى القائم بالاعمال ان يكبر البصقه في وجه من استدعاه حتى يعلم قيمته عندنا,neg
 وين كلاب نمر النمر وين مخابراته الايرانيه قال اسد الشيعه قال ,neg
 يا امن الدوله هذا الكويتي يترحم على الارهابي نمر النمر ويرتوت للارهابيين شوفوا شغلكم ,neg
 يازمره الارهاب و المطرفين من فارس بن شويل ل نمر النمر السيف منكم جز سبعه واربعين والله يبارك في طويلين العمر السيف_الا ,neg
اخر خطاب للهالك نمر النمر وجاا الرد من هلا العوجاا ,neg
ادانات واستنكارات ل اعدام الشيخ نمر النمر في السعوديه ,neg
اعدام السعوديه للسجين نمر النمر يذكر باعدام صدام لمحمد باقر الصدر هذه رساله دمويه مقززه وخطيره وقد تعيد ,neg
اعدام الشيخ نمر باقر النمر هو عمل ارهابي اجرامي يضاف الى لائحه جرائم السعوديه بحق الامه الاسلاميه,neg
الاحظ ان كل من استنكر اعدام السعوديه للكاهن نمر النمر كان استنكارهم لدوافع طائفيه بحت من هو وماذا قدم لكم انتم يامن تستنكرون ,neg
الجيش التعفيش الفلسطيني والجبهه الشعبيه لتحرير فلسطين يدينان اعدام ابن المتعه نمر النمر برسم الشعب الفلسطيني الادانه,neg
الخارجيه الايرانيه تستدعي القائم بالاعمال السعودي في طهران للاحتجاج على اعدام نمر النمر,neg
الرافضي نمر النمر الى نار جهنم وساات مصيرا,neg
امارات العهر والدعاره تؤيد جريمه حكم الاعدام التي قام بها ال سعود الصهاينه الخنازير ضد المجاهد الشيخ الشهيد نمر النمر ومن معه طز فيكم ,neg
ايران الان اصبحت في قمت الضعف فبدات الان تبحث عن البطولات بعد اعدام المنافق نمر النمر ايران تحرك اتباعها في الخيلج وتامرهم بالتخريب,neg
ايران الاولى عالميا بتنفيذ احكام الاعدام بحق معارضيها من اهل السنه واليوم تتباكى على اعدام السعوديه للمتمرد الشيعي نمر النمر ,neg
بالفيديو تعرف على حقيقه الارهابي نمر النمر جريمه_اعدام_الشيخ_النمر,neg
تهديد ايراني رسمي للسعوديه يعني ما فيه مجال للترقيع بان هذا التهديد لا يمثل جمهوريه وسياسه ايران ,neg
جابر الحرمي يستنكر غضب ايران بعد اعدام نمر النمر بالسعوديه ,neg
ذقها يا نمر النمر من كف سلمان وعلم بها اللي ما درى وش طعمها خائن وحقك جاك مثل اي خوان ردت عليك بضاعتك واستلمها,neg
رابطه علماا اليمن تدين اعدام الشيخ المجاهد نمر النمر,neg
سينتهي ملوك العهر وينتهي خبرهم وذكرهم في التاريخ بينما سيظل نمر النمر حيا في قلوب الاحرار وفي صفحات التاريخ,neg
شي طبيعي ان يدافع صالح عاشور وباقي اهل البدع ومن هم على شاكلته عن نمر النمر وربعه ليش الاستغراب ,neg
 انا لا ادين اعدام الشيخ النمر فقط ان ادين كل اعدامات ال سعود لانني لا اثق بحكمهم وقضائهم واحكامهم ,neg
 انت ياكلب المفروض تاخذ عظه وعبره من نجس نمر النمر قبل لا يفوت الفوت ويكر السيف برقبتك الملعونه,neg
 انتم الزباله وسيبقى الشيخ النمر تاج روؤسكم,neg
 انتي الي روحي نابحي بعيد عايشه بفضل السعوديه ومع النمر وهو مسيئ للسعوديه ولاامنها,neg
 انطلاق مسيره سلميه في منطقه سار استنكارا لجريمه اعدام الشيخ النمر السعوديه البحرين القطيف ,neg
 اي شيعي لا يعتبر نمر النمر مجرم فلا اتشرف بمتابعته جاملنا بما فيه الكفايه لم يبقى ارهابي سني الا وتبرانا منه علنا فهل ,neg
 ايران السعوديه ستدفع ثمنا باهظا لاعدامها النمر اسال_اكثر ,neg
 ايران تتوعد السعوديه بعد اعدام نمر النمر اذا كانت ايران تحارب الارهاب فلا يحق لها ذلك ولكنها المذهبيه البغيضه التي توظفها ,neg
 ايران تحتج على اعدام النمر دون غيره لانه كان بوقها المحرض ولاتهتم باعدام السنه سواا عندها او عند غيرها رسالتها واضحه ,neg
 ايران تنبح ليل نهار على النمر وتعدم 27 داعيه من علماا السنه على الرافعه التي باركها المسردب لمخالفتهم للمذهب الشيعي ,neg
 ايران تهدد السعوديه بعد اعدامها نمر النمر ,neg
 ايران تهدد السعوديه بعد القصاص من نمر النمر هههههههههههه السعوديه لزخت كلابكم باليمن ولا سويتوا شي هياط_لطم_فارسي,neg
 ايران تهدد بالانتقام لنمر النمر اليس نمر هذا سعوديا من هي الدوله الطائفيه الان ,neg
 ايران غاضبون ايرانيون يقتحمون مبنى القنصليه السعوديه في مشهد على خلفيه اعدام النمر وينزلون العلم السعودي ,neg
 ايران فوق شينه قوات عينه محتجين على قتل النمر وكانه يحمل الجنسيه الايرانيه لا السعوديه اعتراف ضمني بان بعض المعممين ادوات ,neg
 ايران كانت تهدد السعوديه وتحذرها من اعدام النمر في وقت ترفض فيه اي تدخل في شان اعداماتها الكثيره لماذا للنمر مكانه لدى ا ,neg
 ايران مدينه قم تعلق الدراسه يوم غد الاحد حدادا على اعدام نمر النمر بلعنه تلعنكم انتو معاه ,neg
 ايران مظاهرات امام القنصليه السعوديه في مدينه مشهد ضد اعدام الشيخ المعارض نمر النمر ,neg
 ايه الله شاهرودي دماا الشيخ النمر ستطهر ارض الوحي من دنس ال سعود ال سعود طهروا ارض الوحي من دنس اذنابكم ,neg
 بان كي مون يدعو العاهل السعودي الى وقف اعدام نمر النمر اما ضحايا طاغيه الشام الذين نحروا من الوريد الى الوريد فبنظره مجرد ,neg
 بدمك ياشيخنا الغالي النمر سيزول حكم ال سعود وستباد الوهابيه بحجاره من سجيل,neg
 بروجردي تداعيات اعدام الشيخ النمر ستكون جسيمه جدا للسلطات السعوديه الشيخ_النمر_شهيدا ,neg
 بعد مقتل الشهيد النمر على ايدي ال سعود الانجاس لابد لابناا الشرقيه ان يستيقظوا كفى نوما وغفله فالحريه تحتاج الى دمائكم ولايره ,neg
 بقتل النمر قتلت حريه شعب باكمله,neg
 بما ان نمر النمر يحمل الجنسيه السعوديه افلا تخجل طهران من التطفل ,neg
 بيان صادر من عائله النمر الرافضيه يتهمون فيه دولتنا بان اعدام المجوسي نمر_النمر بالظلم والعدوان ,neg
 بيدها خطت ال سعود نهايتها ولن يضيع دم النمر سدى<U+270C> ,neg
 تبا لامه اعدمت البوطي و النمر و قدست القرضاوي و العريفي و العرعور الى متى سيستمر اغتصاب ال سعود للمذهب السني الحنيف ,neg
 تجاهل الغالبيه الداعشيه في قضيه القصاص اليوم واختزال ذلك في نمر النمر تطرف طائفي عميق في نفوس النجديين جميعهم ارهابيا ولافرق,neg
 تظاهرات تنطلق في شرق السعوديه والبحرين بعد الاعلان عن اعدام رجل الدين العالم الشيعي الشيخ نمر النمر في السعوديه ,neg
 تقرير خاص فارس ال شويل و نمر النمر تحريض من الطائفتين السعوديه تنفيذ_القصاص_على_47_ارهابي وزا ,neg
 تم دعس الارهابي نمر_النمر و فصل راسه عن جثته والحمدلله تنفيذ_القصاص_علي_47_ارهابي ,neg
 تنفيذ_القصاص_على_47_ارهابي عند اعدام الكلب الخائن نمر النمر لبسوه شماغ وليس عمامه ذل في الحياه وعذاب في الاخره ,neg
 تنفيذ_القصاص_علي_47_ارهابي RT Alajmi98 نوري المالكي اعدام النمر سيطيح بالنظام السعودي ,neg
 تنفيذ_القصاص_علي_47_ارهابي اجتمع الكفار والمنافقين ع التعاطف فقط مع عميل ايران نمر النمر مع انه اطلق النار على رجال الامن وكفر الامير نايف,neg
 تنفيذ_القصاص_علي_47_ارهابي صوره نادره لسماحه الشيخ النمر عام 1989 ونطالب بالهجوم على السفاره الوهابيه في بغداد ,neg
 تنفيذ_القصاص_علي_47_ارهابي قص فار النمر قالو صفعه ل ايران سذج يضحك عليهم هنا يبارك بنجاح ثورتهم واحتلالهم ل لبنان ,neg
 تنفيذ_القصاص_علي_47_ارهابي قصاص_نمر_النمر الخائن نمر النمر خليه السرطان الصفويه النتنه التي اقتلعها الامن السعودي ,neg
 تنفيذ_القصاص_علي_47_ارهابي نباح ايران حول اعدام النمر يذكرني بقول الشاعر ومطعمه الايتام من كد فرجها لك الويل لا تزني ولا تتصدقي,neg
 شرع ربي يحكم اللي مخالف للنظام ماعلينا من يحط الخميني سيده سيفنا اللي لاتمكن من جلال العظام بشروا به زمره النمر وا ,neg
 طز في حزب_الله ,neg
 عاجل الخارجيه الايرانيه الرياض ستدفع ثمنا باهظا لجريمه اعدام الشيخ نمر النمر السعوديه ,neg
 عائله النمر اعدام الشيخ النمر اغتيال غادر لكل الطرق السلميه والاعتدال البحرين السعوديه القطيف,neg
 عائله النمر تصدر بيانا اعدامه اغتيال غادر لكل الطرق السلميه التي كان ينهجها ,neg
 عميل طهران بالعراق نوري الهالكي اعدام النمر سيطيح ب النظام_السعودي بل سيطيح بالاحتلال الصفوي الايراني في العراق ول ,neg
 عند اعدام ريحانه جبارى قالت ايران نرفض التدخل لانها مواطنه ايرانيه والان الارهابي النمر مواطن سعودي مادخلكم يامجوس<U+270B> ,neg
 غبي من يعتقد ان دماا الشيخ النمر محطه وتذهب بلا عواقب هي بدايه انهار الدم التي فتحها ال سعود بالمنطقه هي نار لن تنطفئ الا ,neg
 غضب عارم و اغلاق مكثف للطرق بالعاصمه المنامه غضبا لاعدام ايه الله النمر ,neg
 فارس ال شويل ارهابي سني كل اهل السنه ضده نمر النمر ارهابي شيعي كل الشيعه معه فمن يدعم الارهاب ياروافض نحن ام انت ,neg
 فجاه صار نمر النمر ايه الله خلعوا عليه اللقب الكهنوتي لاعطائه حصانه ولمزيد من تحريض الشيعه ما يعرفون ابن سعود تنفيذ_ا ,neg
 فليذهب النمر والمذهب المرقط بالجهل والكراهيه الى الجحيم ,neg
 في مواجهه تصعيد السعوديه للتهييج الطائفي والفتنوي علينا التركيز على خطاب وحدوي تنويري اعدام النمر جاا بعد زياره اردوغان مم ,neg
 فيديو قمع مظاهره في بلده الدراز تندد بجريمه اعدام الشيخ نمر النمر 2 1 2016 ,neg
 فيديو مواجهات في بلده دمستان بعد قمع مظاهرات تندد باعدام الشيخ النمر 2 1 2016 ,neg
 فيديو نمر النمر خليه السرطان الصفويه التي اقتلعها الامن السعودي نمر_النمر العواميه_تنتفض ,neg
 قبل ان يدين اي احد اعدام الارهابي النمر في السعوديه عليكم اعاده الاف الشهداا الذين اعدمتهم ايران من عرب الاحواز الى الحيا ,neg
 قتل الشيخ النمر اعادت بذاكرتنا اجرام الباغي معاويه وقتله للصحابي حجر بن عدي صبرا ولكم بالباغي معاويه اسوه,neg
 قتل النمر جريمه اعمل عمله وراح نجرم فيك,neg
 قتل_النفس_الذكيه الشيخ النمر على ايدي اكبر ممولين الفسق والفجور في العالم ,neg
 قصاص_نمر_النمر السيف جاهز يانمر ويتحراك يابن المجوس اللي تسب الصحابه يالعنبا منهو على النمر سماك وانت الاصل تكرم عليك الذبا ,neg
 قصاص_نمر_النمر يشهد الله اني مافرحت بقتل احد قط لكن نمر النمر نوى بوطننا الشر وخطط للشر وتواصل مع عناصر الشر واراه لقي مغ ,neg
 قطع راس النمر ال سعود هم داعش ,neg
 قناه العربيه والليبراليون السعوديون والرافضه والجاميه في السعوديه حزينون على اعدام نمر النمر اللطم في طهران والضاحيه والعز ,neg
 قناه بي بي سي عربي التي تبث من دبي تحشد قواها من كل مكان للتنديد بالحكم الصادر ضد نمر النمر مسويه مناحه رسميه ,neg
 كان الفاطس نمر النمر يتمتع بخبث كبير من حيث جراته على قلب الحقائق تماما كما يفعل نصر<U+FEFB>ت في خطاباته ,neg
 كانت ايران الوثنيه تهدد السعوديه بمحوها من الوجود ان اعدمت النمر وبعد اعدامه خاتمي الشيعه في السعوديه سيحولون ال س ,neg
 كذبت عائله النمر وصدق السيف,neg
 كرامتنا_من_الله_الشهاده ليله غضب عارمه تشهدها البحرين تنديدا بجريمه اعدام الشيخ النمر وشعارات الغضب تزلزل الساحات ,neg
 كل_حزم_وانت_بخير_يا_وطني تنفيذ_القصاص_علي_47_ارهابي حقيقه الخائن نمر النمر قصاص_نمر_النمر ,neg
 كل_حزم_وانت_بخير_يا_وطني يريد هذا المنشق المجرم نمر النمر بالانفصال عن الوطن وذلك من خلال بث سمومه ,neg
 كلما ازددتم قتلا واعتقالا سنزداد صبرا وصمودا ومقاومه لكم ايها الطغاه <U+270F>ايه الله النمر ,neg
 كلهم مظلومين ولكن النمر رمز وتقارنين النمر بالبغدادي الله واكبر تجعلون الخصوم السياسيه ارهابيين هذه خدعه الشعوب,neg
 كميه صياح غير طبيعيه في وكالات الانباا العالميه على اعدام الجرذي نمر باقر النمر هنا تشعر بالسعاده المطلقه <U+2764><U+FE0F>,neg
 لا مشكله عند اعدام ايران 1000 من اهل السنه وكفر اذا اعدمت المملكه سعوديه الكلب النمر تنفيذ_القصاص_علي_47_ارهابي ,neg
 لا يهم ولو اقتص منهم بالاحذيه الارهابيون كلاب حرب صليبيه مقنعه ضد الاسلام واهله في كل مكان وضد الحرمين وبلادها ,neg
 لاريجاني السعوديه لن تمر بسلام من عاصفه جريمه اعدام الشيخ النمر ,neg
 لحظه اعدام نمر النمر اعدام_النمر القطيف خل ايران تنفعك هالحين هذا جزاا كلاب الفرس الله يعزك ياملك الحزم سلمان ,neg
الانتحاريه حسناا تعرضت لغسيل دماغ من قبل داعش صورتها قبل وبعد ,neg
التطرف الشيعي ممثله في ميليشيات الحشد الشعبي هي السبب في ظهور تنظيم داعش الارهابي تطرف مشترك اظهر لنا بؤر ارهابيه مع_الكويت_ضد_الارهاب,neg
العالم مشتت في نظرته الى داعش صحيح الجميع يراها تنظيم ارهابي لكن البعض يراهن على امكانيه استغلال هذا التنظيم ,neg
المعتوهان بشار_الاسد و داعش يساهمان بما تحلم به اسرائيل الاول يهجر السوريين بعيدا عن محيط فلسطين والثاني يدفع يهود اوروبا لحضن اسرائيل,neg
ان عصابات داعش الارهابيه المتواجده في تركيا من حمله الجنسيه العراقيه بداوا بالعوده عبر اليه عوده المهاجرين الى العراق,neg
ان كنتم تريدون الاخره ف داعش هي القاطره توصلكم لجهنم في لمح بصرا و اقل منه لانها فاجره ,neg
اوروبا تغلق ما وصفته بالمساجد التي تبث العنف والتطرف من الصق تهمه التطرف والعنف بمساجدنا وهي براا منها داعش و تنظيم_القاعده احد الاسباب,neg
اوروبا تقصف سوريا ن فيها داعش لماذا لم يقصفوا بلاد الباسك الم تكن فيها منظمه ارهابيه اسمها ايتا ,neg
اي تخلف وهناك من يبراا السعوديه من دم داعش السعوديه اصل وفصل داعش ,neg
بالامس خليه_حزب_الله_بالكويت واليوم خليه_داعش_بالكويت الحل اعدامهم مع بعض في ساحه_الاراده بنفس الوقت الكويت_ضد_الارهاب,neg
بشرو عسى داعش ما سوت عمليه حىوانيه اليوم مو اليوم جمعه عملياتهم كل يوم خميس وجمعه,neg
تاملات فكريه هل تعلم ان داعش ينعتوننا بالكفار والكفار ينعتوننا بداعش تبا من نحن,neg
تجنيد داعش وينتظرون برااه الاسلام من كل هراا الارهاب ,neg
تنظيم داعش الارهابى يفجر دير الراهبات في محافظه نينوى شمال غربي العراق ,neg
حدث مره ان تفاجا بائع تركي باننا من السعوديه واخذ يردد داعش ويمثل بيديه مشهد ذبح سيا انت ترتبط بدينك وبلدك معا ,neg
خرجت داعش من انقاض المخابرات الغربيه مثل ما خرجت القاعده باسماا عربيه وديانه تدعي الاسلام وتخلق هجوما هوليوديا ,neg
داعش المتمرده سبب وجودها الحكومات المستبده كلام_تعبت_وانا_اقوله ,neg
داعش قبل ان تفجر في باريس فجرت المساجد هنا والان اوروبا المتحضره تنتقم عبر احراقها للمساجد لافرق هذا يفجر وذاك يحرق,neg
داعش قتلت 150 فرنسي واقيمت حرب عالميه ضده باسم الارهاب بينما بشار قتل 200 الف من شعبه ويعتبرونه محارب للارهاب عندما_تنقلب_المفاهيم سوريا,neg
داعش لا تختلف عن ماعش وخليه العبدلي لا تختلف عن غيرها فافضحوا الكل على رؤوس الاشهاد ولا تاخذكم في الحق لومه لائم الله معانا ,neg
داعش لايمثل الاسلام داعش صناعه امريكيه يهوديه هذا الاسلام الذي تمثله داعش ,neg
داعش ليست وليده اليوم بل ترعرعت ونشات في ظل غياب الدعم الواضح لمنهج الوسطيه والاعتدال الذي تميز به اهل السنه والجماعه في السلوك والاحكام,neg
داعش نتاج التدريس المتشدد للصحوه الظلاميه بالثمانينات ,neg
داعش هو تنظيم فتاك وخطير ليس بسبب قدرته الهائله بل لانه شخص على نحو صحيح ضعف من يفترض ان يقفوا في ط via ,neg
صرت اخاف من يوم الجمعه والسبب داعش ,neg
طلع لي الخرا ابن الحرام ذا تصويت هل انت ضد او مع داعش وبالغلط بالغلط حطيت مع يصير لي حاجه ,neg
عنتالله عليك عمرك 27 سنه وتفاوض عشان تشتري صواريخ لضرب الابرياا باجر لو كبرت شتسوي عليك وعلي من تدعمهم القبض_على_خليه_تنظيم_داعش_بالكويت,neg
غرور تنظيم داعش يعجل بنهايته سوريا العراق,neg
غرور تنظيم داعش يعجل بنهايته كتبت راغده درغام لا مناص من تحولات نوعيه سوريا سكاكا صوير,neg
غرور داعش يعجل بنهايته ,neg
غرور داعش يعجل بنهايته الاتحاد_برس اخبار,neg
غير صحيح كلامك مردود عليك داعش ارهاب صنعهم القمع والباساا وما صنعهم اي ديانه وممولهم قطر او الغرب ,neg
فرنسا متخوفه ان يقوم تنظيم الدوله بتسميمم خزانات المياه او من قصف كيماوي او جرثومي رعب وخوف كبير من داعش في فرنسا الحل الحوار مع الشعب,neg
قتال داعش فرق بين حيوان كلب وبين خنازير داعش اخبار_الخلافه الكويت_خط_احمر اصدارات_الخلافه روسيا_تقصف_سوريا ,neg
قناه وصال التحريضيه الفتنويه كويتيه القبض_على_خليه_تنظيم_داعش_بالكويت ,neg
كذبه من الاسد عن خليفه داعش على التلفزيون الايطالي ذكر ان ابو بكر البغدادي كان سجينا بنيويورك وهو لا يعرف ,neg
كل مافتحت تويتر لقيت خبر عن داعش خطف قتل تفجير احتجاز يبدو ان بعض الدول تجعل من داعش غطاا لتصفيه الحسابات,neg
لكن صديقي الام تحن على اطفالها التي ولدتهم بكل بساطه داعش وليده امركيا ام الشر ,neg
للاسف الغرب صاروا يشوفون اي مسلم ارهابي داعش خرب سمعت الاسلام ديننامن اسمه سلام وسماح وصار قتال وسفك دماا حسبي الله ع الفئه الظاله لادين لهم,neg
 احتجاجات امام قنصليه السعوديه في مشهد الايرانيه على تنفيذ حكم الاعدام في رجل الدين الشيعي نمر النمر ,neut
 اخر خطبه ل نمر باقر النمر والتي قتلته اليوم ,neut
 اخيرررا حواري مع والده علي النمر المحكوم عليه بالاعدام في السعوديه الحوار في عدد اليوم من جريده السفير اللبنانيه ,neut
 اربعه من الشيعه اعدموا مع 43 سني كلهم سعوديين الا اثنان ما سر الثائرين على حكم اعدام النمر فقط سؤال_منطقي,neut
 افتاا السنه فوجئنا باعدام النمر بعدما ابلغنا مكتب الملك السعودي بتاجيل الحكم ,neut
 البرلمان الايراني يدين اعدام نمر باقر النمر في السعوديه ,neut
 الخارجيه الالمانيه اعدام الشيخ النمر سيزيد من التوتر المتنامي في المنطقه ,neut
 السعوديه تنفذ اعدام الشيخ نمر النمر وسط سخط اقليمي وشعبي واسع السعوديه,neut
 الكويت النائب عدنان عبدالصمد استشهاد العلامه نمر النمر سيزيد من تعقيد الامور وستكون له ردود فعل واسعه ,neut
 المصري اليوم تنحاز الى النمر الذي نفذ فيه القصاص وتصفه بالاصلاحي الثائر مشككه في عداله الحكم عليه ابق_الوعي_حيا ,neut
 النائب الكويتي سيد عدنان عبدالصمد اعدام النمر ستكون له ردود فعل واسعه ,neut
 النمر معارض وليس ارهابي,neut
 الهلباوي اعدام الشيخ النمر يثير حفيظه كل الداعين للحوار والسلم وليس فئه معينه,neut
 ايران _تهدد _السعوديه لاعدام _نمر النمر,neut
 ايران الحوزه العلميه في قم تعلق الدراسه في مؤسساتها يوم غد الاحد حدادا على اعدام الشيخ النمر,neut
 ايران امام جمعه اهل السنه ب زاهدان اعدام الشيخ النمر امر لا يصدق وليس لصالح المسلمين والاسلام الميادين ,neut
 ايران تستدعي القائم بالاعمال السعودي للاحتجاج على اعدام النمر مصر_الاخباريه,neut
 ايران تهاجم السعوديه بعد اعدام ارهابيين بينهم نمر النمر العربيه,neut
 ايران غاضبون ايرانيون يقتحمون مبنى القنصليه السعوديه في مشهد على خلفيه اعدام النمر وينزلون العلم السعودي ,neut
 ايران كانت تهدد السعوديه وتحذرها من اعدام النمر في وقت ترفض فيه اي تدخل في شان اعداماتها الكثيره لماذا للنمر مكانه لدى ا ,neut
 ايران هجوم على القنصليه السعوديه في مشهد اثناا تجمع لتظاهره مندده باعدام الشيخ نمر النمر ,neut
 بالفيديو تظاهره في القطيف احتجاجا على اعدام رجل الدين الشيعي نمر النمر ,neut
 بالمناسبه اعدم مع النمر مشايخ اخرين طبعا لاتهتم لانهم سنه ,neut
 باي حق تتحدث عائلتك باسم المجتمع السعودي يا محمد النمر ,neut
 بعد الادانه الايرانيه رئيس الحكومه العراقيه حيدر العبادي يدين اعدام النمر في السعوديه,neut
 بيان تابين للشيخ المجاهد الشهيد النمر ,neut
 بيان عاجل من عائله النمر ب العواميه بعد استشهاد الفقيه الشهيد الشيخ_النمر ,neut
 تجريد المطلوبين من اسماا قبائلهم رساله ان الارهابي لا يمثل الا نفسه واظهار نمر النمر مرتديا شماغا رساله انه سعودي وليس شيعي ,neut
 تركي_الحمد هل يستطيع ان يغرد عن اعدام النمر ام الا مع العلم يتجرا على الخالق والمخلوق لا يستطيع,neut
 تنفيذ حكم القصاص بحق 47 ارهابيا بينهم نمر النمر وفارس الشويل في 12 منطقه بالمملكه الحزم ابو ,neut
 حرق القنصليه السعوديه في مشهد بايران على خلفيه الاعدام للرافضي نمر النمر ه ,neut
 حرق قنصليه السعوديه في مدينه مشهد الايرانيه بعد اعدام الشيخ النمر ,neut
 حيدر العبادي يدين اعدام النمر في السعوديه,neut
 رايته عزيزي واجبت بان كل الفقهاا يرون ولايه الفقيه واختلفوا في حدودها والشيخ النمر ليس من اتباع ولايه الفقيه المعروفه,neut
 رده فعل عرفات الماجد بعد اعدام نمر النمر الجدير بالذكر انها سعوديه عينت كعضو مجلس بلدي في القطيف هذا الاسبوع ,neut
 رويترز مسيره في قريه العواميه السعوديه استنكارا لاعدام الشيخ النمر,neut
 رويترز مقتدى الصدر يدعو لتظاهرات في الخليج والعراق بعد اعدام النمر,neut
 ست منظمات حقوقيه الشيخ النمر كان يعبر عن المطالبه بالحقوق السياسيه في بلاده واعدامه جريمه ,neut
 ستره_واديان المسيره المندده باعدام الشيخ المجاهد النمر تجوب بربوع واديان بخطوات ثابته مطمئنه بوسط تحليق مروحي منخفض ,neut
 صحافه_اليمن اعلام السيسي يصف النمر بالعمامه الثائره اليمن السعوديه,neut
 هل هذه الشبكه او الخليه كانت تعمل سابقا بعيدا عن الانظار رغم البوسترات ولجان جمع التبرعات بالبيوت اكتشاف_شبكه_ ,neut
 وثائقي داعش في حلب via ,neut
 وزاره الداخليه الشبكه التي تمول تنظيم داعش عقدت صفقات لشراا اسلحه وصواريخ من نوع FN6 لصالح التنظيم القبض_على_خليه_تنظ ,neut
 ويحدثونك عن داعش ,neut
 ويقولون من وين جات داعش,neut
 يعني داعش امتداد لابو بكر وعمر وعثمان والاموين والعباسيين وصولا للعثمانين ونضال صادق بهذه الشي,neut
اداره تلغرام تغلق حسابات يستخدمها تنظيم داعش على التطبيق دابق ,neut
اداره تلغرام تغلق حسابات يستخدمها تنظيم داعش على التطبيق ولايه_دجله اخبار_الخلافه ,neut
اذا لم تسطيع الاجابه تاكد ان داعش هي السؤال ,neut
الانيق وحيد الغامدي يكتب داعش ليست مجرد تنظيم ,neut
الدكتور الالماني يورغين تودنهوفر يختصر حقيقه داعش في 10 دقائق الدوله_الاسلاميه ssr true ,neut
اول تعليق للكرملين على صوره قنبله داعش المزعومه ,neut
ترى الى اين يذهب البترول الذى تسرقه داعش من سوريا والعراق والتى وصلت الى سرت الليبيه ومن يؤمن نقله ومن السمسار ومن الذى يشترى بابخس الاسعار ,neut
تعرف على حقيقه داعش ,neut
فيديو حوار العريفي مع شاب من داعش ,neut
فيديو نتنياهو يجيب على سؤال من الافضل لاسرائيل الاسد او داعش ,neut
كان مرسوم علم داعش بس مسحوه ,neut
كيف هي نظرتك لتنظيم داعش ,neut
لماذا يستخدم داعش المناطق المسيحيه ,neut
مالي فيها داعش ,neut
ماهي عاصمه مالي ان عرفتها فيها داعش اليوم ,neut
من صنع داعش بقلم رشا ممتاز ,neut
هذه اولويه داعش في لبنان ,neut
هكذا عرضت داعش على الحدوشي اماره المغرب الاقصى المغرب,neut
هل حقا داعش صناعه امريكيه اذا كانت كذلك لماذا تعاقب روسيا مصر ولماذا لا تعاقب المتسبب الفعلي في مقتل 230 ضحيه ,neut
هل داعش صنيعه استخباراتيه,neut
هل قتل رجال الامن في العوميه والتمثيل فيهم يدخل تحت احد المظلتين الارهابيه سوا داعش اوالصفويه قتل _رجال_الامن_ بالقطيف_,neut
هل هناك علاقه بين افعال داعش والاسلام عدنان ابراهيم لابد ان تشاهد ,neut
هل يمتلك داعش اسلحه كيميائيه اخبار_دوليه ,neut
هي الخبر بالتفصيل وجنسيه اعضاا الخليه الداعشيه الكويتيه ضبط_خليه_داعش_كويتيه ,neut
 8 لاجئين في اوروبا يمتلكون نفس جواز السفر السوري الذي وجد في ملعب باريس هجمات_باريس فرنسا الل ,neut
 ا ف ب توقيف 3 اشخاص على الاقل في سان دوني على صله بتحقيقات هجمات باريس العربيه_عاجل,neut
 اخبار انتحاريه سانت دوني قد تكون زوجه مدبر هجمات باريس اخبار_عربيه عاجل,neut
 اخبار صحف عربيه تحذير من موجه كراهيه للمسلمين بعد هجمات باريس ,neut
 اخبار_الان رئيس فرنسا المعتقلون في سان دوني على علاقه ب هجمات_باريس,neut
 اخبار_ماس من هو عبد الحميد اباعود المشتبه به الرئيسي في هجمات باريس عبد الحميد اباعود بلجيكي بي_بي_سي,neut
 اخر خبر احد قتلى عمليه ضاحيه سان دوني سيده فجرت نفسها بحزام ناسف هجمات_باريس شهيده ليزبيان ستنكح ا ,neut
 اغلاق المتاحف وقاعات السينما والمسارح والمتاجر الكبرى والمدارس والجامعات والمسابح والمكتبات العامه بعد هجمات باريس,neut
 اكرم_الجولحي المعارضه الفرنسيه بعد هجمات باريس دعوه نحو الواقعيه الرئيس الفرنسي يستعد لجوله ,neut
 اكرم_الجولحي انتحاريه سانت دوني قد تكون زوجه مدبر هجمات باريس ,neut
منظمه بدر تناشد الحكومه العراقيه لطرد السفير السعودي ردا على اعدام الشيخ النمر ,neut
نائب كويتي اعدام الشيخ النمر ستكون له ردود فعل واسعه ,neut
نمر النمر داعى فتنه وعدامه حق مشروع,neut
نمر النمر يسال ويقول وين جند نايف وجاه الرد تنفيذ_القصاص_على_47_ارهابي ,neut
هل اعدام الشهيد النمر انتقام لعلوش ال سعود ,neut
هل تم تنفيذ القصاص في نمر النمر تنفيذ_القصاص_علي_47_ارهابي,neut
هل وضع البحرين بعد النمر مضطرب ولا شي ناوي اروح ومدري بديت اوسوس ياجماعه ,neut
 2 على القوات الامنيه والعسكريه السعوديه التنبه جيدا الى تحركات مناصري الارهابي نمر النمر في عدد من المناطق خصوصا القطي ,neut
 ابناا نمر النمر وزوجته حصلوا على حقوقهم كمواطنين زوجته موظفه بالداخليه وحصلت علاج خارجي شفاها الله وابنااهم مبتعثين لو في د ,neut
 اخبار اليمن الان عاجل مجلس علماا باكستان يعلن عن موقفه من اعدام نمر النمر ,neut
 اخر خطبه ل نمر باقر النمر والتي قتلته اليوم ,neut
 اخر كلمات الشيخ نمر النمر بعد اقرار حكم الاعدام ,neut
 اخو نمر النمر يامل ان يكون رد الفعل على اعدام اخيه سلميا رويترز ,neut
 استشهاد_ايه_الله_النمر اللي داخل الهشتاق وما يعرف نمر النمر ,neut
 اعدام المرجع الشيعي في السعوديه نمر النمر في هذا التوقيت هي رساله سياسيه بان المواجهه مع ايران قد دخلت اعلى ,neut
 اعدام نمر النمر تدشين لمرحله مواجهه سعوديه ايرانيه اكثر وضوحا وحده ,neut
 اعدام نمر النمر فاجا العالم بسبب حضور العاهل السعودي حفل زفاف ارم ,neut
 البحرين دعوه لجميع اهالي شعب البحرين الوفي لتسجيل موقفهم ردا على اعدام الشهيد سماحه الشيخ نمر النمر المش ,neut
 البرلمان الايراني يدين اعدام نمر باقر النمر في السعوديه ,neut
 التلفزيون الحكومي ايران تستدعي القائم بالاعمال السعودي للاحتجاج على اعدام نمر النمر ,neut
 الخارجيه الايرانيه السعوديه ستدفع ثمنا باهظا لاعدامها الشيخ نمر النمر عاجل السعوديه ,neut
 الداخليه السعوديه من بين المحكومين بالاعدام نمر باقر النمر وفارس الشويل عاجل السعوديه ,neut
 السعوديه تعدم 47 ارهابيا ومن ضمنهم الشيخ نمر النمر فهل قام بعمل ارهابي او تفجير او قتل احد رجال الامن نرجو الافاد ,neut
 السعوديه تعلن اليوم السبت عن اعدام الشيخ نمر باقر النمر وذلك بعد اعتقاله لما يذيد عن 3سنوات ,neut
 السعوديه تنفذ القصاص بحق 47 ارهابيا بينهم نمر النمر ,neut
 الشيخ نمر النمر اما نعيش على هذه الارض احرار او نموت في باطنها ابرار ,neut
 انتبهوا يا رعاكم الله هناك من يسلط الضوا على الرافضي نمر النمر فقط دون الخوارج السعوديه تنفيذ_القصاص_علي_47_ارهابي ,neut
 ايران يتهدد السعوديه علشان السعوديه اعدمت مواطن سعودي اتحكم عليه بالاعدام نمر النمر اتعدم يا ايران واللي عندكم اعملوا ده كان ,neut
 داعش بتهاجم السعوديه مو عشان نمر النمر في 47 عالم سني انعدم معو هما الي بهمو داعش ياريت تقراي منيح,neut
 عندما تستحوذ شخصيه نمر النمر على نصف التغطيه الاخباريه لتنفيذ الاحكام القضائيه هذا اليوم فان مرد ذلك ,neut
 فارس ال شويل ارهابي سني نمر النمر ارهابي شيعي لا طائفيه في الامر وانما الارهاب هو المستهدف اسد_السنه_سلمان استشهاد ,neut
 قتل نمر النمر ليس له علاقه بالمذهب ف عندنا مافي فرق بين سني وشيعي والرسول قال لا فرق بين اعجمي وعربي الا بالتقوى,neut
 وهذا نموذج لعضو مجلس امه طائفي ترك كل المحكومين وبدا يحاضر عن نمر النمر ,neut
 يا حلا نمر النمر دا محطوط طعم ف وسط كتيه المعدومين ليمرر اعلاميا و شعبيا اعدام المجاهدين و المخالفين لسياس ,neut
 يصف شيعه ايران والعرب نمر النمر بالشهيد هل ترى ان نمر النمر شهيد استشهاد_ايه_الله_النمر,neut
14 تهمه اعدمت نمر النمر ,neut
الحين الحوثيين بيحطون حرتهم في قتل نمر النمر فينا بس والله فداا فداا <U+2639> ,neut
الشيخ نمر باقر النمر الخطابات التنويريه والفكريه والمصير المحتوم بين السياسه والبداوه ,neut
سواا كنت مع او ضد لن يختلف بالامر شئ ف اغلب من يصوت هنا تصويته عاطفه لا اكثر اعمل تصويت عن الاعدام في ايران ,neut
هذا حكم الله في نمر_النمر_ فمن لا يعجبه حكم الله فجزااه نفس جزاا نمر النمر ,neut
 حصار_غزه_جريمه_اباده ياسامع الصوت ياسابق الفوت كن لاهلنا في غزه يارب قوي عزائمهم واحفظهم وانصرهم اللهم اطعمهم من جوع وامن ,neut
 حصار_غزه_جريمه_اباده يشترك فيها كل حكام العرب والخليج بالذات,neut
 حصار_غزه_جريمه_اباده يقول الرسول ان تهدم الكعبه حجراحجرا اهون على لله من ان يراق دم امرئ مسلم لزوال الدنيا اهون على الله من قتل رجل مسلم ,neut
 حماس هي المسؤول عن حصار_غزه رفضت تسليم المعبر للحكومه الفلسطينيه و مصر ترفض العمل مع ميليشيات ايرانيه حصار_غزه_جريمه_ا ,neut
 حين حصرت قريش رسول الله ص ومن معه في شعب ابي طالب دخل معهم بني هاشم مسلمهم وكافرهم حصار_غزه_جريمه_اباده ,neut
 رغم الحرب والعدوان غزه لم تتخلى عن القران فيها نحو 100 الف حافظ للقران ومثلهم من المجاهدين على طريق التحرير حصار_غزه_جري ,neut
 سمح نظام السيسي بعبور 500 شخص فقط من 25 000 من اهلنا في غزه يحتاجون الى الخروج حاجه شديده حص ,neut
 سمح نظام السيسي بعبور 500 فقط من 25 000 من غزه يحتاجون للخروج حاجه شديده حصار ,neut
 سيذكر التاريخ وستذكر الاجيال انه في حين كان قطاع غزه تحت الحصار العربي المصري كان معبر طابا مفتوحا 24 ساعه للصهاينه حصار ,neut
 سيكبر الطفل و سيتذكر حصاركم حصار_غزه_جريمه_اباده ,neut
 عاجل الان مباشر_لايف خالد_مشعل على الجزيره الاخباريه حصار_غزه_جريمه_اباده,neut
 عندما يتم الهجوم على مدينه اوربيه فانه منافي للانسانيه بينما حصار_غزه_جريمه_اباده ولا احد يتحرك من الدول هل لانها في ,neut
 غزه بلد ال _2_مليون سجين حصار_غزه_جريمه_اباده ,neut
 غزه تحت الحصار منذ اكثر من سبع سنوات حتى ان البعض نسي انها محاصره حصار_غزه_جريمه_اباده,neut
 غزه في اعناق المسلمين ولكن من للمسلمين غير الله حصار_غزه_جريمه_اباده,neut
 في غزه 80 من سكانها يعيشون على المساعدات الانسانيه 75 يفتقدون للامن الغذائي 42 نسبه الفقر المدقع حصار_غزه_جريمه ,neut
 في هذه اللحظات عائلات باكملها تعيش في بيوت الصفيح و لاتجد ما يقيها من برد الشتاا حصار_غزه_جريمه_اباده,neut
 قال افضل الاعمال ان تدخل على اخيك المؤمن سرورا اوتقضي عنه دينا اوتطعمه خبزا مؤلم ان تكون افضل اعمال البعض عكس ذلك ح ,neut
 قال النبي صلى الله عليه وسلم من ظلم قيد شبر من الارض طوقه من سبع ارضين رواه البخاري ومسلم حصار_غزه_جريمه_اباده,neut
 قال ان الله ليملي للظالم حتى اذا اخذه لم يفلته ثم قرا وكذلك اخذ ربك اذا اخذ القرى وهي ظالمه ان اخذه اليم شديد حصار ,neut
 قضيه فلسطين هي اشبه بان لاهناك قضيه فالعرب يتحدثون عنها في كل شيئ عن لاشيئ سلطان_خليل حصار_غزه_جريمه_اباده,neut
 كان هناك فلسطين ولكن اين هي الان الى متى فلسطين حصار_غزه_جريمه_اباده ,neut
 كيف يحاصر قوم يقولون لا اله الا الله حصار_غزه_جريمه_اباده حصار_غزه_جريمه_اباده حصار_غزه_جريمه_اباده حصار_ ,neut
 لا تكفي الامنيات بل لا بد من فعل وقول وموقف منكم ايها العلماا ومن قاده الراي واصحاب الهدي حصار_غزه_جريمه_اباده,neut
 لاتزال طائفه من امتي على الحق ظاهرين لعدوهم قاهرين وهم كالاناا بين الاكله لايضرهم من خذلهم عذرا غزه خذلكم العرب حصار_ ,neut
 للاسف مافي غير الدعاا لاهلنا في غزه طيب لماذا لا تحرك المليارات للمطالبه بوقف العدوان على غزه كما فعلتم في سوريا حصار_غزه_ ,neut
 لم يفتح معبر رفح لاهل غزه خلال عام الاتسعه عشريوم عبرخلالهابضع مئات في الاتجاهين وعلى قوائم الانتظاراكثرمن ثلاثين الف ,neut
 لماذا_فلسطين لان العالم يريد منا نسيان هذه القضيه و التنازل عليها فما نحن فاعلون ننسى ام نتشبث فلسطين_تنتفض حصار_غزه_جريمه_اباده,neut
 لمن ينادوا سلموا_المعبر هذا حال اهل غزه قبل عهد حماس لكن لم يكن هناك تويتر لنشر هذه الصور حصار_غزه_جريمه_اباده ,neut
 لو ان ولي امرك يوقف دعمه للسيسي او يفرض عليه شروطا بتحسين اوضاع اهل غزه على الاقل لما حدث حصار_غزه_جريمه_اباده ,neut
 لو كنت مكان سلطه حماس في غزه المحاصره فاي خيار ستختار حصار_غزه_جريمه_اباده,neut
 ماذا يحدث لو قتلت نفس بغير حق جندي اسرائيلي يتكلم عن قتل الفلسطينين حصار_غزه_جريمه_ابا ,neut
 متابعات علماا ودعاه ومفكرون يطلقون وسما بعنوان حصار_غزه_جريمه_اباده ,neut
 مصادر اعلاميه تؤكد بان محمد دحلان صاحب السجل الاسود هو مهندس التقارب الاسرائيلي الاماراتي و مهندس حصار غزه حصار_غزه_جري ,neut
 معبر_رفح يغلق بالاشهر ويفتح لساعات فقط ويظل الاف المرضى والطلبه عالقون بين حصار العدو والصديق حصار_غزه_جريمه_اباده ,neut
 من الذي فرح ل حصار_غزه_جريمه_اباده اليهود السيسي عيال_دحلان حريم_بوتين ادعياا_السلفيه اللهم عليك بهم اجمعي ,neut
 نجيد وصف المشكله ونجيد اثاره الغضبه لدى الجماهير لكن من يجرؤ على طرح الحلول حصار_غزه_جريمه_اباده,neut
 نشطاا وكتاب واعلاميون يطلقون حمله حصار_غزه_جريمه_اباده لتسليط الضوا على معاناه الفلسطينين المحاصرين في قطا ,neut
 والله لو كان سكان غزه من غير المسلمين بل لو كانوا ليسوا من البشر لضج العالم انتصارا لهم ولحارب من يحاصرهم ومنع دعمه ح ,neut
 وسم حصار_غزه_جريمه_اباده اكثره نحيب ووعظ ودعاا ولن يجدي ذلك شيئا ما لم يكن اعداد وعمل واعتصام بحبل الله وحده ومؤازره صادقه لل ,neut
 قناه_بلقيس عمران طيران التحالف العربي يغير على معسكر للحوثيين في منطقه خيوان اليمن,neut
 قناه_بلقيس مدير امن عدن لصحيفه الشرق الاوسط لدينا 1200 شرطي لحمايه المقرات الحكوميه اليمن,neut
 قوات من الجيش الشرعي بقياده هاشم الاحمر تصل مارب للمشاركه في تحرير العاصمه صنعاا وصعده صنعاا تعز اليمن ,neut
 قوات_التحالف والمقاومه الشعبيه ل الحوثيين انتظروا مفاجات قويه خلال الساعات المقبله اليمن عدن تعز ,neut
 قوه بقياده هاشم الاحمر ستشارك في التحرير اليمن ,neut
 قيادي سابق بجماعه الحوثيين يكشف لسان حال الحوثيين في اليمن في الوقت الراهن ,neut
 قيل سابقا انه لايوجد حاضنه شعبيه للحوثيين في تعز والحقيقه المؤلمه تقول ان للحوثي حاضنه شعبيه في تعز هي الاكبر والاكثر اليمن,neut
 كما كان مخطط له الحليلي بدا في التحرك على جبهه حضرموت خوفا من تحرير اليمن بعد تقدم التحالف_العربي مسنودا ب المقاومه_الجن ,neut
 لا تقتلوا ال طفوله في اليمن ,neut
 لاجل اخواني المسلمين في سوريا العراق اليمن لبنان البحرين الاحواز اعلن مقاطعتي لكل منتج العدو الايراني حمله_مقاطعه_المنت ,neut
 لازالت القوات الاماراتيه على الارض بحوار القوات السعوديه في اليمن ولعل هذه الصوره تصحح معلوماتك h ,neut
 لاهلنا في الجزائر نقول لا تنتظروا حتى تتحول بلادكم الى سوريا او العراق او اليمن بادروا بطردهم من بلادكم معا_لطرد_ال ,neut
 لماذا الصمت على الجرائم بحق اليمن ,neut
 لمن يريد ارسال اي شيا لاهله في السعوديه الرئيس عبدربه منصور هادي في عدن سيغادر خلال يومين اليمن عاصفه_الحزم,neut
 لن اترك الدفاع عن بلادي اليمن غردلي جلب الاخوان السنه بورما واشنطن توظيف اذكار مرسي داعش المغرب هلال ,neut
 ليعلم الجميع ان عاصفه_الحزم هدفها منع تكرار تجربه حزب_الله ب اليمن ويجب علينا التصدي_الاعلامي_للاسااات_لتحالف_عاصفها ,neut
 ما انجزتها السعوديه وحلفائها في اليمن مليون_صوره_من_الجرائم_السعوديه_في_اليمن شيلات سلمان الدمام اليوم_السابع ,neut
 ماذا وجد في كاميرا مصور قناه_المسيره عاصفه_الحزم اليمن الفيديو كامل ,neut
 مارب_برس الشيخ المخلافي يكشف عن عرض حوثي بالانسحاب من تعز مقابل عده مطالب ويعلن موقفهم من ذلك ,neut
 مارب_برس اليمن المسار العسكري يتصدر وتعزيزات جديده تصل مارب خلافا لما كان متوقعا لم تبدا م ,neut
 مارب_برس روسيا تبحث عن ادوار سياسيه في اليمن تزايد الحديث في اليمن اخيرا عن الدور الروسي ,neut
 مارب_برس كلينتون السعوديه تحارب اذرع ايران في اليمن اكدت وزيره الخارجيه الاميركيه السابقه و ,neut
 مارب_برس محمد جميح يكتب محافظه المهره رئه الحوثيين في الجنوب اليمن ,neut
 متابعات ارتفع عدد ا سر النازحه الى مديريات محافظه صنعاا والقادمه من محافظات اخرى جراا يكفي اليمن,neut
 متابعات استشهد 5 مواطنين واصيب عدد اخر في حصيله اوليه جراا استهداف طيران العدوان السع يكفي اليمن,neut
 متابعات وافادت قناه العالم ان هذه المصادر اكدت ان الطيران السعودي استهدف قوارب الصياد يكفي اليمن,neut
 متابعات واوضح مصدر مسئول بغرفه العمليات المشتركه لوكاله الانباا اليمنيه سبا ان العد يكفي اليمن,neut
 متابعات وحين يسال اي خبير عسكري عن السر وراا تمكن ابناا الجيش اليمني واللجان الشعبيه يكفي اليمن,neut
 مدينه اب اليمن هذي_اليمن ضع_صوره_جنه_من_اليمن_السعيد ,neut
 مدينه تعز اليمن ,neut
 مصادر طائره عسكريه عمانيه تجلي ثلاثه امريكيين كانوا محتجزين لدى الحوثيين الى مسقط اليمن عمان نصر_الحالمه,neut
 مصدر عسكري ل بوابه_العين جاهزون لتحرير صنعاا من سيطره ميليشيات الحوثي اليمن ,neut
 مصر المجلس الاعلى للقوات المسلحه الاربعاا برئاسه السيسي استعرض مجمل الاوضاع في اليمن و سوريا ,neut
 مصر تسمح لليمنيين من دخول اراضيها بدون تاشيره قريبا عين اليمن ,neut
 مقاومه اليمن مقتل 23 الفا من الحوثيين خلال 200 يو الاسلام اليوم اخبار ,neut
 مقاومه تهامه تتبنى سلسله عمليات استهدفت الميليشيات بالحديده وحجه اليمن ,neut
 مقتل 12 جنديا و19 مسلحا في هجومين للقاعده في اليمن ,neut
 مقتل احد ابرز قيادات الحوثي ومرافقيه في تعز اليمن اليمن_تنتصر,neut
 مقتل القائد الميداني لميليشيات الحوثي وصالح بمنطقه طياب مديريه ذي ناعم في البيضاا وسط اليمن مع 6من مرافقيه في كمين للقبائ ,neut
 مقتل شخص على يد مسلحين مجهولين في عدن اليمن اليمن_تنتصر,neut
معارك عنيفه شمال بيجي و الحشد_الشعبي يصد هجوم واسع ل داعش على قريتي شويش والهنشي ويدمر 6 عربات يقودها انتحاريون والمعارك مازالت مستمره,neut
مقتل مسؤول امني كبير من داعش في صلاح الدين والتنظيم يعدم عددا كبيرا من مسلحيه االعراق بغداد الحشد_الشعبي,neut
مقتل واصابه 18 من افراد الحشد الشعبي في بيجي Rûdaw ,neut
مؤتمرقضاا طوزخورماتو بين الحشد_الشعبي و البيشمرگه وتم تطويق الازمهوانهاا الصراع حسب بيان المؤتمر ,neut
هل اصبح الحشد الشعبي قوه بديله عن الجيش العراقي تؤكد بانهم لايخضعون للاوامر دون تدخل بشري مع_تحيات_محمد_شوق ,neut
هل اصبح الحشد_الشعبي قوه بديله عن الجيش العراقي ,neut
 ا ف ب التحالف يبدا عمليه عسكريه لاستعاده محافظه تعز من ميليشيا الحوثي العربيه_عاجل,neut
 اب المقاومه_الشعبيه بالحزم تهاجم نقطه مليشيا الحوثي والمخلوع في منطقه الصرفه عزله بني الفخر ومقتل اثنين وجرح ثالث صبا ,neut
 اب ذي سفال المقاومه الشعبيه في ذي سفال تهاجم قبل قليل طقم للمليشيا الحوثي وصالح في دائري القاعده اعطاب اطقم ,neut
 اذا توفرت الجديه في العمل العسكري سيتنهار مليشيا الحوثي والمخلوع بشكل سريع وان منحت نفس كالعاده فكلفه المعركه سترتفع,neut
 استشهاد الدكتور اسامه نجل قائد المقاومه الشيخ حمودالمخلافي واربعه من زملائه اثناا اشتباكهم مع مليشيات الحوثي في تعز ,neut
 استشهاد سبعه مدنيين واصابه 33 اخرين في قصف مليشيا الحوثي على احياا تعز قناه_يمن_شباب اليمن,neut
 استشهاد سته من المقاومه واصابه تسعه في مواجهات مع مليشيات الحوثي وقوات صالح في عده جبهات بمحافظه تعز في عمليه نصر_الحال ,neut
 افادت مصادر ل مجموعات المشهد الشبواني بالواتس اب 1 مصرع حراسه عدنان رزيق القميشي في كمين نصبته مليشيا الحوثي في h ,neut
 الاخبار اليمن ميليشيا الحوثي تهرب قيادات ايرانيه الى صنعاا خوفا من سقوطهم اسرى ايران ,neut
 الرياض وزير حقوق الانسان اليمني اطفال من دور الايتام جندتهم ميليشيا_الحوثي,neut
 السعوديه قصفت الحوثي وعفاش,neut
 السيد عبد الملك الحوثي يتفقد جبهات القتال في مارب بزياره ميدانيه مفاجئه,neut
 الشريجه صور لجثث مليشيات الحوثي في الشريجه والمقاومه والتحالف يمشطوا المنطقه وطريق الراهده من الالغام ,neut
 الصحوهنت تعز المقاومه ستعيد مناطق الرامهوالقحف بعدان كانت مليشيات الحوثي وصالح قد سيطرت عليهاوتتقدم باتجاه بمنطقتي سوق نجد ,neut
 الصحوهنت تعز مقتل 35 من ميلشيات الحوثي وصالح وتدمير عدد من الاليات العسكريه في قصف لطيران التحالف ومواجهات مع المقاومه في ,neut
 الصحوهنت تعز مقتل 7 مدنيين وجرح 33 اخرين اغلبهم اصابات خطره جراا عمليات قنص وقصف من قبل ميلشيات الحوثي وصالح على عدد من ا ,neut
 الضالع مريس مقتل 9 من مليشيات الحوثي والمخلوع منهم 3 قناصه احدهم صومالي في مواجهات مع المقاومه في منطقه مريس بمحافظه الضالع ,neut
 الضالع مصرع 160 من مليشيات الحوثي والمخلوع بمعارك مع الجيش والمقاومه في مديريتي دمت ومريس منذ صباح اليوم وحتى اللحظه,neut
 الطيران استهدف مجاميع من مسلحي الحوثي فروا من مديريه حزم العدين باب الى مديريتي وصاب العالي وجبل الشرق بذمار اليمن,neut
 العدوان_على_اليمن التقى الاخ محمد علي الحوثي رئيس اللجنه الثوريه العليا اليوم بصنعاا يكفي اليمن,neut
 القيادي السابق بالقاعده محمد العوفي يتحدث عن علاقه وتنسيق ايران عبر حليفها الحوثي مع القاعده ,neut
 اللهم اني ابلغت فاشهد الحوثي والحوثه وعفاش يخططون للهروب والتحضيرات قائمه والمنطقه معروفه والمنازل اعدادها معروفه ومح ,neut
 المبعوث الاممي يحذر جماعه الحوثي ,neut
 المقاومه الجنوبيه في بيحان تتمكن من اعطاب دبابه ومدفع بي10 كان بحوزه مليشيات الحوثي والمخلوع ويستخدمونها في قصف مواقع المقاو ,neut
 المقاومه الشعبيه في اب تستهدف طقم لمليشيا الحوثي وصالح في دائري القاعده بذي سفال وانباا عن قتلى وجرحى في صفوف المليشيا ا ,neut
 المقاومه الشعبيه في مريس تلقي القبض على قائد مليشيا الحوثي بمنطقه مريس مع سبعه من مرافقيه,neut
 اليات ومدرعات تتبع التحالف انطلقت اليوم من باب المندب باتجاه المخا في تعز لتحريرها من جيش صالح ومليشيات الحوثي ,neut
 اليمن صعده صعطه 3 غارات لطيران التحالف تستهدف مليشيات الحوثي قرب سوق الخميس بمديريه ساقين,neut
 اليمن صعده صعطه غارتان لطيران التحالف تستهدف مليشيات الحوثي منطقه الفرع بمديريه كتاف,neut
 اليمن عاجل مقتل 10من مليشبات الحوثي وصالح واستشهاد 2 مقاومين في مواجهات بوادي النحر ب شبوه ,neut
 اليمن عاجل مليشيا الحوثي تداهم منازل المواطنين وتختطف العشرات من المدنيين في بيحان عاصمه شبوه,neut
 اليمن عبدالسلام الحوثي يقول سلمنا امس للامم المتحده الرد على مسوده اجندات الحوار المزمع عقده في سويسرا انا اقول له لفلف ع ,neut
 اليمن عدن مليشيات الحوثي تختطف مسؤل بجامعه العلوم والتكنولوجيا وتقتاده الى مكان مجهول ,neut
 اليمن عدن مليشيات الحوثي تداهم عدد من المحلات التجاريه بمدينه دمت ,neut
 اخبار_مصر عاجل انباا عن اعتقال مخطط هجمات باريس اخبار مصر,neut
 اخبار_مصر فرنسا تعلن وجود متهم تاسع متورط فى هجمات باريس الارهابيه عوده_الفراعنه,neut
 اخبار_مصر مفوض اوروبي مرتكبو هجمات باريس هم اولادنا الذين انقلبوا ضدنا ,neut
 اخبار_مصر_ egynewsالاتحاد الانجليزى يشدد اجرااات الامن فى المباريات عقب هجمات باريس ,neut
 اخبار_نوجا هجمات_باريس ملخص كلمه الرئيس الفرنسي فرانسوا اولاند فى اجتماع رؤساا البلديات فى باريس اولاند ,neut
 اخبارك_عندنا تحديد هويه فرنسي اذاع بصوته مسؤوليه الدوله الاسلاميه عن هجمات باريس قال مصدر قريب من ,neut
 اخر خبر احد قتلى عمليه ضاحيه سان دوني سيده فجرت نفسها بحزام ناسف هجمات_باريس شهيده ليزبيان ستنكح ا ,neut
 اخر خبر فرنسا سماع دوي انفجارات في ضاحيه سان دوني شمال باريس هجمات_باريس,neut
 اخر خبر فرنسا وصول تعزيزات عسكريه الى ضاحيه سان دوني حيث تحاصرالشرطه عددا من المشتبه بهم في هجمات_باريس ,neut
 اخلاا مبنى في مطار كوبنهاجن بعد الاشتباه بحقيبه رغم عدم تلقي سلطات المطار اي تهديدات الدنمارك هجمات_باريس,neut
 اردوغان هجمات_باريس تستدعي مكافحه الارهاب بشكل مشترك ,neut
 ارفع_صوتك موسيقى وموت في باريس بقلم علي عبدالامير هجمات_باريس ,neut
 استقدام تعزيزات للجيش و قوات النخبه هجمات_باريس_الارهابيه سان_دوني داعش ,neut
 اشادت بقياده قطر لاعمال الدوره السابقه دول الخليج تدين هجمات باريس وتساند فرنسا ,neut
 اعلنت الشرطه الهولنديه انها كانت فرضت غرامه ماليه بتهمه حيازه مخدرات على صلاح عبد السلام ابرز المشتبه في ضلوعهم في هجمات باري ,neut
 اغلاق المتاحف وقاعات السينما والمسارح والمتاجر الكبرى والمدارس والجامعات والمسابح والمكتبات العامه بعد هجمات باريس,neut
 اكرم_الجولحي المعارضه الفرنسيه بعد هجمات باريس دعوه نحو الواقعيه الرئيس الفرنسي يستعد لجوله ,neut
 اكرم_الجولحي انتحاريه سانت دوني قد تكون زوجه مدبر هجمات باريس ,neut
 اكرم_الجولحي قتلى وجرحى بعمليه لاعتقال مدبر هجمات باريس قتل شخصان احدهما امراه فجرت نفسها وا ,neut
 الاتجاه برس هجمات باريس تبادل كثيف لاطلاق نار خلال عمليه امنيه بالعاصمه الفرنسيه ,neut
 الاتحاد الاوروبي يتجه لتشديد تشريع لمكافحه الارهاب بعد هجمات باريس ,neut
 الاخب ار الشرطه الفرنسيه تحاصر المشتبه الاول في هجمات باريس عبد الحميد اباعود داخل شقه بسان دوني ,neut
 الارجنتيني باستوري يؤكد مقتل اثنين من اصدقائه في هجمات باريس ,neut
 الازهر منفذو هجمات باريس و داعش باكمله كفره و خوارج و لا يمتون للاسلام بصله دوله_الخلافه ولايه_حلب ,neut
 الاسد هجمات_باريس نتاج سياسه فرنسا الخاطئه ,neut
 الاسد هجمات_باريس نتاج سياسه فرنسا الخاطئه في منطقتنا للتفاصيل اقرا_البديل ,neut
 الامم المتحده تدعو لعدم التمييز ضد المسلمين بعد هجمات باريس ,neut
 الامم المتحده تدعو لعدم التمييز ضد المسلمين بعد هجمات باريس فرنسا تفجير_فرنسا ,neut
 الامم_المتحده لا ينبغي تحويل اللاجئين الى كبش فداا في اعقاب هجمات باريس ,neut
 الامين العام للامم المتحده يدعو الى وقف حملات الانتقام والتمييز ضد المسلمين بعد هجمات باريس ,neut
 الان الشرطه الفرنسيه تعلن انتهاا عمليه مكافحه الارهاب في ضاحيه سان دوني شمال باريس الغد ف ,neut
 الان قوات الامن الخاصه تحاول اقتحام كنيسه في حي سان دولي الذي يشهد توترات منذ ليل امس ولا توضيح للاسباب باريس هجمات_بار ,neut
 الان مؤتمر صحفي لوزير الداخليه الفرنسي من محيط عمليه الدهم في سان_دوني مباشر فرنسا هجمات_باريس ,neut
 الانتهاا من تحديد هويه جميع قتلى هجمات باريس ,neut
 البشير فرنسا معركه خلال ملاحقه العقل المدبر ل هجمات_باريس,neut
 البشير هجمات_باريس الرابحون والخاسرون تحليل ,neut
 البوابه الشرطه_الفرنسيه تحاصر مشتبها في تورطه ب هجمات_باريس ,neut
 البوابه المفوض_الاوروبي منفذو هجمات_باريس اولادنا الذين انقلبوا علينا ,neut
 البوابه مفاجاه جواز سفر احد منفذي هجمات باريس يحمله 7 لاجئين اخرين ,neut
 التحرير هجمات_باريس مقتل شخصين في سان دوني احدهما انتحاريه ,neut
 محليات amp صدى مقتل ثلاثه بينهم امراه في عمليه استهدفت مدبري هجمات باريس اخبار_السعوديه,neut
 محمد عبد السلام الاخ الشقيق ل صلاح عبد السلام احد مخططي هجمات باريس يعمل في دائره الهجره الفرنسيه ,neut
 مركز ابحاث الامن القومي الاسرائيلي هجمات باريس لن تدفع الدول الغربيه الى التدخل بريا ,neut
 مسؤول امني بارز بالمانيا هجمات باريس تمثل مستوى جديدا من التصعيد ,neut
 مسؤولون الشرطه تعثر على هاتف نقال يعود لمنفذي هجمات_باريس وتطبيقات مشفره على الهاتف النقال عاجل اخبار باريس اسال_اكثر,neut
 مسئول اوروبي مرتكبو هجمات باريس هم اولادنا الذين انقلبوا علينا ,neut
 مشاهد لمداهمه الامن الفرنسي في هجمات باريس بضاحيه سان_ دوني بشمال العاصمه ,neut
 مشاهده حيه للمداهمه ل من الفرنسي فى هجمات باريس بحي سان دوني بشمال العاصمه العالم كله ينتفض ,neut
 مصادر امنيه خليه سان دوني كانت تخطط لشن هجمات على حي الاعمال بالعاصمه الفرنسيه باريس,neut
 مصادر في الشرطه_الفرنسيه مقتل ثلاثه من المشتبه بهم خلال عمليه المداهمه في ضاحيه سان_دوني باريس هجمات_باريس الاعلام,neut
 مصدر قريب من التحقيق جواز السفر الذي عثر عليه بعد هجمات باريس قد يكون لجندي سوري قتيل,neut
 مصر سيناريوهات مواجهه تحديات ما بعد احداث باريس ارهاب,neut
 مصر وزير اسرائيلي هجمات باريس تؤكد صحه مواقف اليمين بتل ابيب تفجيرات_باريس كلمتي ,neut
 معلومات اوليه افراد مشتبه بهم يتحصنون في المنزل السعوديه المملكه الخليج هجمات_باريس,neut
 معلومات اوليه تكشف عن هويه الفتاه التي فجرت نفسها ب سان_دوني وبانها ترتبط بقرابه دمويه ب العقل المدبر اباعود هجمات_باريس ,neut
 مفاجاه مدويه حول جواز سفر السوري المشارك ب هجمات_باريس الوئام,neut
 مفتي مصر منفذو هجمات باريس لا يمثلون الاسلام ,neut
 مقال جديد ليس دفاعا عن داعش وتاييدا لهجمات باريس ولكن داعش باريس هجمات_باريس فلسطين ,neut
 مقال للكاتب الفرنسي جوليان سالانج المهتم بالشؤون العربيه يتناول فيه بلغه تبريريه اسباب هجمات داعش الاخيره في باريس h ,neut
 مقالات اخترنا لكم مقال للكاتب عبدالقادر سلفي هجمات باريس والمعارضه التركيه ,neut
 مقالات دار الخليج الاماراتيه هجمات باريس الارهابيه فيصل جلول يحتفظ الفرنسيون كما غيرهم من الشعوب باساطير ,neut
 مقتل 2 خلال ملاحقه المشتبه به الرئيسي في هجمات_باريس ,neut
 مقتل 2 في عمليه امنيه في باريس تفجير_باريس هجمات_باريس ,neut
 مقتل ثلاثه بينهم امراه في عمليه استهدفت مدبري هجمات باريس باريس ,neut
 مقتل شخصين احدهما انتحاريه وتوقيفات في شمال باريس هجمات_باريس ,neut
 مقتل شخصين بينهما امراه يشتبه بتورطهما في هجمات باريس عبر ,neut
 مقتل شخصين من المشتبه بهم في هجمات باريس صحيفه_تم السعوديه,neut
 مقتل شخصين والقبض على خمسه اخرين شمالي باريس فرنسا هجمات_باريس,neut
 من هم اطرافها باحث اميركي يتنبا ب حرب_عالميه_ثالثه اثر هجمات_باريس ,neut
 من هو البلجيكي المستهدف من مداهمات الشرطه الفرنسيه لحي سان دوني هجمات_باريس ,neut
 من هو عبدالحميد_اباعود المشتبه به الرئيسي العقل_المدبر في هجمات_باريس باريس فرنسا ,neut
 من يقف وراا تخطيط وتنفيذ هجمات_باريس ,neut
 منظمه حقوقيه تطالب فرنسا بعدم تكرار استراتيجيه امريكا هجمات_باريس,neut
 منفذي هجمات باريس الثمانيه 5 فرنسيين بينهم 3 اشقاا وبلجيكيين ومهاجر سوري واعمارهم بين 20 و29 عاما مع نفسكم بقي ,neut
 ميركل تدعو لعقد اجتماع ازمه اثر هجمات_باريس ,neut
 نقلا عن سي ان ان المانيا تم احباط خطه جديه لتفجيرات في ملعب هانوفر عاجل اخبار هجمات_باريس الارهاب اسال_اكثر ,neut
 هاموند يعلن رفع وتيره التعاون الاستخباري والامني مع فرنسا اثر هجمات_باريس عاجل,neut
 هجمات باريس القذيفه المرتده احمد بن راشد بن سعيد تفجيرات_باريس لن_اعتذر_لفرنسا فرنسا هجمات_باريس ,neut
 هجمات باريس انتحاريه فجرت نفسها ومقتل مشتبه ومحاصره اخر,neut
 هجمات باريس انتحاريه فجرت نفسها ومقتل مشتبه ومحاصره اخر اليمن اليمن ,neut
بوابه الاهرام وزير الخارجيه الامريكيه صدمت لكن لم افاجا ب هجمات_باريس عبر نبض ,neut
بوابه العاصمه الحكومه الفرنسيه تم تحديد هويات كافه ضحايا هجمات باريس ,neut
بي بي سي تكتب عن المجاهد عبدالحميد اباعود المنسق ل هجمات_باريس ,neut
بي بي سي من هو عبد الحميد اباعود المشتبه به الرئيسي في هجمات باريس ,neut
بيت الحكمه يدعو الى مراجعه مقررات التربيه الاسلاميه ردا على هجمات باريس ,neut
بينما يتعقب المحققون الشبكه وراا هجمات باريس تقودنا الادله للعقل المدبر المزعوم عبدالحميد اباعود اخر_الاخبار,neut
تحليل هجمات باريس ضربه متوقعه يصعب تداركها عبر ,neut
تسلسل زمني فرنسا ما بين الجمعه الداميه ومداهمه شقه منفذي هجمات باريس ,neut
تشاهدون الان مؤتمر صحفي للنائب العام الفرنسي فرانسوا مولينس عقب اجتماع طارئ للحكومه الفرنسيه هجمات_باريس ,neut
تعبئه 115000 من افراد الامن في فرنسا عقب هجمات باريس الاهلي سوريا,neut
تعبئه 115000 من افراد الامن في فرنسا عقب هجمات باريس السعوديه الجيش_الحر الجزيره,neut
تعبئه 115000 من افراد الامن في فرنسا عقب هجمات باريس درعا مصر ,neut
تعد الحامله شارل_ديغول اولى سفن الدفع النووي في اوروبا الغربيه وقد رست في اذار2011 امام سواحل ليبيا لفرض حظر الطيران هناك هجمات_باريس,neut
تعرف الى هويه شخص جديد من منفذي هجمات باريس ,neut
تعرف على 8 معلومات عن البلجيكي عبدالحميد اباعود متهم بتدبير وتمويل هجمات باريس ,neut
تعليقا على هجمات باريس البرادعي التضامن هو خلاصنا تفجيرات_فرنسا ,neut
تقارير تشير ان احد الانتحاريين في هجمات_باريس قد دخل الي اوربا كمهاجر سوري عن طريق اليونان ثم دخل فرنسا ,neut
تقرير هل سيغير الغرب موقفه من الثورات بعد هجمات باريس ,neut
تمكنت الشرطه الفرنسيه من تصفيه اثنين من المشتبه بهم في تنفيذ هجمات باريس واعتقال ثالث لدى مداهمتها مبنى في ضاحيه ,neut
تنظيم الدوله الاسلاميه يكشف سر هجمات باريس التي وقعت بفرنسا ,neut
توقيف والد وشقيق احد انتحاريي هجمات_باريس مسلمون_ضد_الارهاب تفجيرات_باريس ,neut
تونس تعلن احباط هجمات في سوسه على غرار باريس ,neut
جدل وقرارات مثيره باوروبا واميركا حول اللاجئين اثارت هجمات باريس ردود فعل قويه ومثيره للجدل باميركا واوروبا ,neut
جريده 25 فبراير بالفيديو رد فعل المسلمين في فرنسا بعد هجمات باريس عبر نبض ,neut
جريده الراي الكويتيه بالفيديو البرلمان الاوروبي يقف دقيقه صمت على ارواح ضحايا هجمات باريس ,neut
جريده مباشر صلاح عبدالسلام اخطر المطلوبين في هجمات باريس ,neut
جلسه للجمعيه الوطنيه الفرنسيه لمناقشه اقرار قانون الطوارئ عقب هجمات باريس ,neut
جوله على ردود فعل السوريين على هجمات_باريس سوريا ,neut
جون كيري هناك ضحايا امريكيون بين جرحى هجمات_باريس ونقدم لهم كل الدعم,neut
جيش وشرطه فرنسا بجلاله قدرها منذ ساعات الفجر الاولى وهم يحاصرون بعض المتشبه بهم في هجمات باريس بضاحيه سان دوني ,neut
حسن خضر يكتب ل 24 هدايا الدواعش للغرب هجمات_باريس ,neut
خبر عاجل فرنسا تعلن وجود متهم تاسع متورط فى هجمات باريس الارهابيه ,neut
خبيره دوليه هجمات باريس استهدفت عمدا اماكن فنيه وترفيهيه يتجمع فيها الناس للاستمتاع ب حقوقهم الثقافيه ,neut
خليه سان_دوني كانوا يخططون لشن هجمات على حي الاعمال في باريس ا ف ب,neut
داعش استخدمت تطبيقات دردشه مشفره لتنفيذ هجمات باريس ,neut
داعش تتبنى هجمات باريس,neut
دقيقه حداد على ارواح ضحايا هجمات_باريس تفجيرات_فرنسا صور من حول العالم,neut
دول اوروبيه تعزز من اجراااتها الامنيه على خلفيه هجمات باريس ,neut
دول مجلس التعاون تدين هجمات باريس الارهابيه ,neut
رساله SMS قصيره من منفذي هجمات باريس كشفت زملائهم ,neut
 باريس مصادر طبيه 300 جريح بينهم 80 بحاله خطره في هجمات باريس الارهابيه,neut
 باريس هجمات_باريس الملك عبدالله في اخر حديث له حذر زعماا العالم ان الارهاب سيصل اوروبا واميركافي اشهر ,neut
 بعد تفاخره بتنقله بين الحدود مقتل اباعود العقل المدبر ل هجمات_باريس صحيفه_تم السعوديه,neut
 بوتين يؤكل ل هولاند استعداد روسيا للتعاون الوثيق مع فرنسا للتحيقيق في هجمات_باريس ,neut
 بوست على فيسبوك تناقله قرابه 200 الف يقول فيه فرنسي فقد زوجته في هجمات_باريس ل داعش لن تدفعوني لكره المسلمين ,neut
 بيان من لجان التنسيق المحليه في سوريا عن هجمات باريس ,neut
 تحرك دبلوماسي فرنسي للرد على هجمات باريس ,neut
 تصريحات وزيره الخارجيه السويديه تربط بين هجمات تنظيم داعش في باريس وبين معاناه والاحتلال الاسرائيلي ,neut
 تل ابيب وراا هجمات باريس ,neut
 تل ابيب وراا هجمات باريس اسال_اكثر,neut
 تلفزيون _روسيا اليوم_ يفجر مفاجاه تل ابيب وراا هجمات باريس ,neut
 جثمان المصرى صالح الجبالى ضحيه هجمات_باريس_الارهابيه يصل اليوم باريس فرنسا مصر ,neut
 جثمان صالح الجبالي ضحيه هجمات باريس يصل اليوم الى القاهره ,neut
 خبر عاجل نيوز فالس بعض منفذي هجمات باريس تسللوا الى فرنسا مستغلين ازمه المهاجرين نبيه_بري ,neut
 خبير في الفكر الاسلامي هجمات باريس بدايه النهايه ل داعش ,neut
 د عصام مدير اقصاا الاسلام واستئصال المسلمين في الغرب هذا هو الهدف الاكبر من افتعال هجمات باريس بذريعه داعش ,neut
 دول_الخليج تدين هجمات داعش في باريس لا_للتطرف لا_للارهاب لا_للتخدلات_الايرانيه ,neut
 رساله الصحفي الفرنسي Antoine Leiris الذي قتلت زوجته في هجمات باريس ,neut
 رصد اراا_الجمهور من المستفيد من هجمات باريس ,neut
 رصد رجل امن يروي كشاهد عيان ما وراا كواليس هجمات_باريس ,neut
 رصد عاجل مكتب المدعي العام اعتقال افراد من اسره احد المشاركين في هجمات_باريس فرنسا ,neut
 رصد عاجل وزاره الداخليه الصربيه حامل الجواز السوري الذي عثر عليه في هجمات_باريس سعى للجوا في صربيا,neut
 رصد علم فرنسا يغطي ابرز معالم دول العالم تضامنا مع ضحايا هجمات_باريس ,neut
 رصد مصادر طبيه فرنسيه 300 مصاب في اعتدااات باريس بينهم 80 في حاله حرجه هجمات_فرنسا ,neut
 روسيا اليوم من فصول هجمات باريس التضحيه بالروح من اجل الروح ,neut
 روسيا اليوم والده انتحاريه سان دوني ابنتي تعرضت لغسيل دماغ ,neut
 روسيا هجمات باريس غيرت راي الغرب فيما يتعلق بالرئيس الاسد ,neut
 رويترز احد منفذي هجمات_باريس سوري قدم الى فرنسا مع اللاجئين عبر اليونان اسال_اكثر ,neut
 رئيس ال CIA السابق ل CNN ادوارد سنودن مسؤول عن دماا ضحايا هجمات باريس ,neut
 رئيس الجمهوريه اردوغان الجميع انتقد هجمات باريس ولكنني اتساال هل انتقدوا هجمات انقره بنفس الشكل ,neut
 رئيس الوزراا التشيكي الارهابيون يستخدمون بلادنا محطه عبور اسال_اكثر ,neut
 رئيس وزراا فرنسا بعض منفذي هجمات باريس استغلوا ازمه اللاجئين للتسلل الينا ,neut
 رئيس وزراا فرنسا يحذر من اعتدااات باسلحه كيميائيه او بيولوجيه العرب باريس تفجيرات_باريس هجمات_باريس ,neut
 ساركوزي يدعو الى تغيير كبير في سياسه فرنسا الامنيه والخارجيه للاخذ بالاعتبار ان البلاد في حاله حرب ,neut
 صاد الاخبار اليوم اعاده جثمان المصري القتيل في هجمات باريس قالت السفيره سيريناد جميل القنصل العام ,neut
 صدق او لا تصدق 5000الاف طلقه لقتل عبدالحميد_اباعود المتهم الاول ل هجمات_باريس في شقته التي دمرت بالكامل في فرنسا_غير_امنه,neut
 عااااجل مصادر قضائيه فرنسيه تعلن مقتل المشتبه به الرئيسي في هجمات باريس المدعو عبد الحميد ابا عود ,neut
 عاجل ا ف ب 300 مصاب في اعتدااات باريس في المستشفيات بينهم 80 في حاله حرجه هجمات_باريس,neut
 عاجل ا ف ب هجمات متعدده في العاصمه الفرنسيه باريس تخلف 18 ضحيه حتى اللحظه فرنسا ,neut
 عاجل اخبار_ليبيا اخبار_ليبيا_المستقبل السلطات التونسيه ترفع درجه تاهب قواتها بعد هجمات باريس ,neut
 عاجل اخبار_ليبيا اخبار_ليبيا_المستقبل هجمات باريس الداميه ومخاوف المسلمين في اوروبا ,neut
 فرنسا تقدم مشروع قرار في مجلس الامن يدعو لاتخاذ كل الاجرااات ضد الجهاديين ,neut
رساله من فرنسي فقد زوجته في هجمات_باريس_الارهابيه الرساله موجهه المعتدين استشهاد_رجلي_امن_بالعواميه ,neut