Tweet,Polarity
ساعه قبل المغرب نخصصها وندعي على اللهم اهلكهم وافلسهم ودمر فروعهم اللهم امين ,neg
شبكه سوا من امس كلبه وشكرا ,neg
صوره بدون تحيه لشركات النصب والاحتيال كلمه_لشركات_الاتصالات ,neg
طبعا مستحيل يمر يوم بدون م اسب ,neg
طبعا من ضمن البنيه التحتيه اللي لازم تخرب و النت يتعطل مع المطر,neg
طيح الله حظهم كلهم خياس بس المركز الاول بلا منازع كلمه_لشركات_الاتصالات,neg
عدلوو النت ترا قسم بالله زي حوش الغنم ولا مافيه كشته,neg
عشرميه ساعه عشان احمل حلقتين بس من المسلسل ستايل,neg
عندي فور جي و الاتصال زق مثل وجيهكم يا ,neg
فتحت تجوال البيانات عشان اشوف واتس اكبر_مبلغ_خسرته_في_لحظات بكل_صراحه موبايلي زين ,neg
كسم النت على ام من ضعف النت عندي صرت اسرق من نت الجيران واسرع كمان,neg
كل شي زفت يجتمع عليك والنت ازفت من الزفت حسبي الله عليكم يالاتصالات بانواعها تاخذون فلوسنا بدون خدمهتبرد القلب مافي ذمه ولا ضمير زين,neg
كل يوم اقول يمكن يتحسن الانترنت وابدا في البحث الجامعي لكن الاتصال مايساعد ,neg
لا 4G ولا 3G ولا حتى 2G Ping يا معلق وزاره البرق والبريد والهاتف ,neg
لا بارك الله في ,neg
لا حول الله يارب بدلنا الشريحه ونفس المشكله ضعيف النت ,neg
ليل ونهار صاجيننا برسايل عميل التميز اخرتها ينصك بوجهي قبل اقسم الموظف الي خدمته زي السلطه ,neg
مايسمحون له بمثل هالحركات المنحطه الي يمارسها ويعرف ايضا ان اسلامنا اقوى من قذارتك ياموظف يتبع 4 فتاه_تتعري_في_شركه_stc,neg
محاوله افساد المجتمع عبر امراه دنيئه بمجاهرتها التعري لتصور من احدى مكاتب موظفي خدمات العملاا فتاه_تتعرى_في_شركه_stc مقاطعه_stc,neg
مذله ,neg
مشترك 10 قيقا يوصلني 2 قيقا حسبي الله ونعم الوكيل كلمه_لشركات_الاتصالات,neg
من العن الشركات اللي شوفتها عساها تنحرق ,neg
مودم البيت باقه جوال 2 جهاز هواوي والارسال عند خياس حتى بالاتصال تفصل الشبكه كامل عساكم للنار والشرار بكل ريال تاخذونه نصب وكذب,neg
نحن على اخر 2015 ولانزال نعاني من الانترنت المقدم من و زين حتى موبايلي اصبحت الاسوا ولايوجد حمايه للمستهلك ضد سوا شركات الاتصال ,neg
ندفع لهم فلوس عشان نرفع ضغط نفسنا ,neg
هذا وهو الياف بصريه الله لايسامحكم ,neg
والله ان الحماراللي سوت عشانه كده الشركهكلها مالهاداعي في الحياه يارب تفلس وتقفل ولاتنحرق ايش العالم المقرفه فتاه_تتعري_في_شركه_stc,neg
والله لو ان اس تي سي رجلا لاغتصبته اس_تي_سي الاتصالات_السعوديه النت_ضعيف,neg
والله نفسي ارفع قضيه على الشكره احراميه او اقل شي اشتكي عليهم هيئه الاتصالات ايش الحل مع نصبهم ,neg
والله يالازعاج انه منكم ,neg
وتستمر معاناه مع شبكه بيتنا من اربع ايام تقريبا كل شوي تعلق ,neg
وحدو الدعاا عليهم موبايلي زين ,neg
وفي هذا الوقت من كل يوم يبدون بحركات التقطيع,neg
ي كررهي ل لا ورسائلهم علي انقلش زادوا الطين بله ,neg
ياااا ترى ارتفع ضغطي منكم لا بارك الله بشركم وبشر اللي يشترك معاكم ,neg
يارب صبرك ,neg
يارب كل الي له علاقه في بطئ النت عندنا يخرب النت عنده سنه حتى ايميله مايقدر يفتحه ,neg
يارب يمون النت حقكم يارب يموت النت حقكم يارب يموت النت حقكم يارب يموت النت حقكم ,neg
يالله صباح خير قومتن امي من النوم بخبر سيا للاسف قطعوا التلفون حسبي الله عليكم ,neg
يالله يارب ان تاخذهم ,neg
يقال احذر ان يشكوك احد الى الله فلن ينتهي حتى يصيبه ماذاقه منك اللهم اني اشكو اليك كل من اغتصب حقوق_موظفي_stc ومن قاموا بهيكله ,neg
 12ساعه ومحافظه حقل خارج تغطيه الاتصالات_السعوديه,neg
 24ساعه و حقل مقطوعه من خدمه الاتصالات_السعوديه,neg
 ارسال التغريده اصبح يستغرق نحو 10 دقائق عبر نت الاتصالات_السعوديه على الرغم من ان فاتورتهم كما هي ولم يعوضوني عن بطا الخد ,neg
 استبيان هل جميع محافظه_الكامل يعانون من ضعف النت والمكالمات الاتصالات_السعوديه موبايلي زين ,neg
 اكثر من 24 ساعه وخدمه الاتصالات_السعوديه خارج الخدمه في محافظه حقل,neg
 الاتصالات_السعوديه _ stc_ لا تحترم عملااها تعامل سيئ ولا تحترم العميل,neg
 الاتصالات_السعوديه اسرق منكم ماشفت رصيدي يروح ليششش وانا ماكلمت فيه,neg
 الاتصالات_السعوديه افشل شركه خدمات خرا ونصابيييييين ونت مافيه العالم وصلو سطح القمر وانتم باقي تعطون رسايل مجانيه ,neg
 الاتصالات_السعوديه اقفل عندهم خط ثابت بعد سنه ونصف يجيك فاتوره على نفس الخط وتراجع فرعهم يقولك الموظف ما عندي شي افيدك فيه ,neg
 الاتصالات_السعوديه تحظر الاتصال بشركات اتصال سعوديه مهزله ,neg
 الاتصالات_السعوديه طيب يوم تضيفون لي خرابيطكم ما شفتو المودم اذا ينفع او لا ولا بس اهم شي مصلحتكم حسبي الله عليكم من شركه بس,neg
 الاخوه في شركه الاتصالات_السعوديه الانترنت في تيماا سيا للغايه للجيل الثالث والرابع نامل حل المشكله وزياده الابراج ,neg
 انتم نظامكم دايم خربان اشحن عشان تسحبون رصيدي وادق الموظف يقول النظام خربان اتصلي بعد شوي الاتصالات_السعوديه ,neg
 ايرجى بالجراد صلاح امر وقد جبل الجراد على الفساد تحيه لكل مواطن لم تنصفه الاتصالات وهيئتها هيئه_الاتصالات ال ,neg
 تذمر اهلي حقل من انقطاع الاتصالات_السعوديه عن العمل,neg
 سكان البدع يشتكون من سوا خدمه اتصالاتstc البدع مقناا العصيله قيال الاتصالات_السعوديه ,neg
 شركات الاتصالات تعطل كل شي جميل بهذه الاجواا شركه عيبهاالدائم الانقطاع عساهم للعوق جميعا ضباا امطار_تبوك الاتصالات ,neg
 صوره صوره تبين التلاعب في اسعار وباقات الانترنت لدى شركه الاتصالات_السعوديه تحايل_شركه_STC_بعملائها ,neg
 كلمه_لشركات_الاتصالات الاتصالات_السعوديه انتم من يتستر على الفساد بسبب ان المواطن يجد صعوبه وشروط تعجيزيه في ارسال البرقيه للمسؤلين ,neg
 لا استغرب تسرب عملائكم مادامت هذي هي اساليب الارتقاا_بمعايير_الشموخ في الاتصالات_السعوديه,neg
 لاتتعب نفسك مع الاتصالات_السعوديه هذا الرد اللي بيجيك ,neg
 لاتنسخ الكلام تلصقه الفرع مابرجع له اصلا مافي احترام للعملاا الاتصالات_السعوديه,neg
 للاسف طال الانتظار ولا تزال خدمتكم خارج الخدمه الاتصالات_السعوديه ,neg
 معامله نقل خط تلفون منذ اكثر من 10 ايام مع انهم وعدوني بالانتهاا خلال 48 ساعه ولا رد او تجاوب الاتصالات_السعوديه,neg
 معاناه يوميه مع الاتصالات لواجهه عسير البحريه مع عده شكاوى رفعت للشركه ولكن دون جدوى الاتصالات_السعوديه الحريضه_ ,neg
 من صباح يوم امس ونحن نعاني انقطاع خدمه الاتصالات_السعوديه,neg
 موبايلي الاتصالات_السعوديه ضعف النت في بحره المجاهدين الجنوبيه حمله_نقل_الخدمه_من_موبايلي_الى_الاتصالات_السعوديه,neg
 انترنت_السعوديه_ضعيف من كثر ما طفشت من النت البطيا فكرت اهاجر من السعوديه ,neg
 انترنت_السعوديه_ضعيف من متى واحنا نتكلم والى متى راح نتكلم حسبي الله ونعم الوكيل ,neg
 انترنت_السعوديه_ضعيف من واقع تجربه شركه STC اسوا شركه اتصالات ,neg
 انترنت_السعوديه_ضعيف من وين يجي قوي موبايلي اللي فيها مصاريه كلهم مايدرون وين الله موديهم كله حسد عشان مايوظفون سعوديين ويست ,neg
 انترنت_السعوديه_ضعيف من يدخل الشتاا انسى النت لابوكم شركه نصابه نتكم خياس وتبريراتكم اخيس ,neg
 انترنت_السعوديه_ضعيف من يوم خبرت النت وهو ضعيف ,neg
 انترنت_السعوديه_ضعيف من يوم ماعرفت النت وهو ضعيف عندنا تنذل لحد ماتاخذ الشي اللي تبيه وقال ايش فور جي ,neg
 انترنت_السعوديه_ضعيف من يوم يومه وهو ضعيف وشركات الاتصالات تنافس بعضها بسوا الخدمه,neg
 انترنت_السعوديه_ضعيف من يوم يومهم نصابين,neg
 انترنت_السعوديه_ضعيف من يومه,neg
 انترنت_السعوديه_ضعيف من يومه ضعيف عسا هالشركات بالماحي ان شاا الله,neg
 انترنت_السعوديه_ضعيف من يومه ضعيف مافي شي جديد,neg
 انترنت_السعوديه_ضعيف من يومه ضعيف وصابرين عليه صبر ايوب,neg
 انترنت_السعوديه_ضعيف منجد stc مستلعنين هاليومين,neg
 انترنت_السعوديه_ضعيف منجد ضعيف علينا ياللي فوق شلون ع اللي تحت ,neg
 انترنت_السعوديه_ضعيف منذ اكثر من 6 اشهر وانا مقدم طلب انترنت لstc ولا اي تجاوب يعني لا خدمه ولا سرعه ,neg
 انترنت_السعوديه_ضعيف منذ مبطي,neg
 انترنت_السعوديه_ضعيف منذو مبطي بس وين المسؤل اللي يحس وينصف المواطن,neg
 انترنت_السعوديه_ضعيف منطقه الثمامه هالقريبه النت فيها سيئ ومع انك تدفع 350 ريال اشتراك مفتوح تبي الزين ومع ذلك مافيه فايده,neg
 انترنت_السعوديه_ضعيف مو اضعف اوسخه وانت الصادق,neg
 انترنت_السعوديه_ضعيف مو بس النت نبي نكلم يا ناس ويدقون العالم علي ومغلق مغلق حسبي الله عليهم,neg
 انترنت_السعوديه_ضعيف مو شي جديد كل يوم يطقطق علينا النت,neg
 انترنت_السعوديه_ضعيف مو شي جديد هذا وضعي حاليا ,neg
 انترنت_السعوديه_ضعيف مو شي غريب,neg
 انترنت_السعوديه_ضعيف مو شي غريب من يوم يومه وهو ضعيف,neg
 انترنت_السعوديه_ضعيف مو ضععيف وبس الا زفت ,neg
 انترنت_السعوديه_ضعيف مو ضعيف اسوا انترنت في العالم 20 قيقا زي نص قيقا ويقطع 27 يوم بالشهر وتدفع اشتراك شهر كامل,neg
 انترنت_السعوديه_ضعيف مو ضعيف اسواا من الضعيف,neg
 انترنت_السعوديه_ضعيف مو ضعيف الا يجيب المرض ,neg
 انترنت_السعوديه_ضعيف مو ضعيف و بس وضعنا يرثى له ,neg
 انترنت_السعوديه_ضعيف مو ضعيف وبس الا ابووووووو كلب ولا اكلب منه الا هيئه الاتصالات وتقنيه المعلومات الله ينصرنا عليكم بس ,neg
 انترنت_السعوديه_ضعيف مو مشكله بضعف التحميل و انخفاض الابلود المشكله بالبنق عند القيمرز ارقام فلكيه من 100 و انت طالع ,neg
 انترنت_السعوديه_ضعيف موبايلي الى الجحيم,neg
 انترنت_السعوديه_ضعيف موبس ضعيف الى يقطع كل دقيقه لمتى واحنا صابرين ياليت فيه بديل بس ,neg
 شركه ارباحها بالمليارات وتعجز ان تقدم خدمه تليق بعملائها مالفرق بين سوا الشبكه وبين الغش التجاري انترنت_السعوديه_ضعيف,neg
 شركه الاتصالات السعوديه تحترف النصب والخداع والترويج المزور لخدماتها القبيحه انترنت_السعوديه_ضعيف,neg
 شكاوي عملاا خدمات الانترنت تستمر وSTC تتصدر قائمه اسواا مقدم خدمه انترنت بالمملكه انترنت_السعوديه_ضعيف ,neg
 شيين وقوي عين انترنت_السعوديه_ضعيف,neg
 صارلي شهور وراكم اقولكم عندي مشكله بالنت وانتو تسلكولي نصابين ما عندكم غير زرف الفلوس انترنت_السعوديه_ضعيف,neg
 صحيح الانترنت ضعيف على مستوى المملكه حتى وانا من سكان ثالث مدينه على مستوى الدوله انترنت_السعوديه_ضعيف,neg
 صحيح والله كم نعاني وخاصه وقت المشاهده او وقت البحوث انترنت_السعوديه_ضعيف,neg
 عده شركات وكلهافاشله من عشرسنوات والنت سلحفائي انترنت_السعوديه_ضعيف,neg
 عزيزتي الحكومه السعوديه بالله ارحمينا من سوا خدمات ال انترنت_السعوديه_ضعيف وادبجي الشركات نحن بذمتك فديتكم تذكري ع ,neg
 عندنا راوتر صراحه اسوا من السيا طبعا تكلم خدمه العملاا يقولك مافيه شي طف وشغل وبنهايه بطيا ومخيس انترنت ,neg
 فساد الشركات وارتفاع الاسعار بدون رقابه و نت ضعيف كماان انترنت_السعوديه_ضعيف,neg
 في احد اخيس من سرعتي انترنت_السعوديه_ضعيف ,neg
 في الهند استخدمنا شبكه 2G طبعا مضطرين كانت سرعته تعادل ثلاث اضعاف 2G هنا في السعوديه عندنا اخيس نت في العالم انترنت_ ,neg
 في كوريا الانترنت مجاني في كل شوارعها وقطاراتها وكل حاره فيها واحنا ندفع فلوس ومع هذا سرق ونهب انترنت_السعوديه_ضعيف,neg
 قسم ملل الفساد في كل شيا انترنت_السعوديه_ضعيف,neg
 قسم ملل بالذات بالقرى حاطين البرج مزهريه انترنت_السعوديه_ضعيف ,neg
 قطاع الاتصالات في السعوديه يعاني من سوا الاداره والفساد انترنت_السعوديه_ضعيف,neg
 كذب عيني عينك ونكران لشي حاصل الاستخدام_العادل انترنت_السعوديه_ضعيف ,neg
 كل شئ بسعوديه ضعيف و بدائي و سيا جدا انترنت_السعوديه_ضعيف,neg
 كلهم شركات استغلال درجه اولى ماغير يلهطون فلوسنا انترنت_السعوديه_ضعيف ,neg
 لا حتى بالالياف مستقعدين اذا حملت كثير انترنت_السعوديه_ضعيف ,neg
 لاحسيب ولارقيب كاننا في غابه انترنت_السعوديه_ضعيف ,neg
 لازم الحكومه تلتفت لstc ترى العالم ماعاد بهم دلوخ زي اول وتقوله طف المودم ويصدق ترانا ندفع فلوس موب معطينا ببلاش انترنت ,neg
 للاسف اني اشتريت مودم من عندهم لكن اليوم سارمي المودم وجميع شرايح STC لن اتعامل معهم معا_لمقاطعه_الاتصالات_السعوديه انترنت ,neg
 للاسف ضحك وتحايل ونزف جيب المواطن المغلوب على امره من قبل الاتصالات السعوديه وليس هناك من يحميهم لانه فاسد مثلهم انترنت_ال ,neg
 للعلم تم تطبيق الاستخدام الظالم على DSL و الفايبر ايضا انترنت_السعوديه_ضعيف,neg
 لم نرى اي تطور في الهيئه ابدا بل بالعكس ازدادت سواا وتتحمل ضعف صوت الهيئه عقبال مانسمع خبر اعفائك انت ,neg
 لمتى ونحن نعاني من عدم النزاهه والاحترام للمجتمع فقط نهب وسرقه من الشركات ولا حساب او عقوبات انترنت_السعوديه_ضعيف,neg
 مافي جديد ماغير نهب فلوس وكذبت عروض انترنت_السعوديه_ضعيف,neg
 مافي نت اصلا هذا نقص انترنت_السعوديه_ضعيف,neg
 مافيه شي جديد من زمان وهو سيئ انترنت_السعوديه_ضعيف,neg
 مايقهرني الا هيئه الاتصالات ابي افهم وش عملها الله ينتقم منهم هالشركات اكلونا ولافيه خدمه زي العالم انترنت_السعوديه_ ,neg
 مدري بس اتوقع هاشتاق عشان النت عندهم ابو كلب انترنت_السعوديه_ضعيف,neg
 معاناه ممتده لعقود مع خدمه الانترنت السيئه في هالبلد لا 4G كويس ولا DSLكويس والالياف ردد ي ليل ما اطولك حسوا فينا انترنت_ا ,neg
قاتلكم الله يا STC انترنت_السعوديه_ضعيف,neg
قسم بالله جابو لنا المرض هالنت زق لدرجه ان الفلم ينزل له جزا ثاني و لعدنا م نحمله انترنت_السعوديه_ضعيف,neg
قسم بالله قهر اضعف انترنت في العالم عندنا انترنت_السعوديه_ضعيف,neg
قصدكم زباله انترنت_السعوديه_ضعيف,neg
قمه المهزله بفضل الله دولتنا من افضل الدول في البنى التحتيه لكن شركات الاتصالات تستغل ضعف هيئه الاتصالات لجشعها انترنت_السعوديه_ضعيف,neg
قوي في شفط الفلوسس ضعيف في الاداا نيجيريا مو السعوديه يمكن ماعندهم فكر انترنت_السعوديه_ضعيف,neg
كرهت التقنيه بسبب سوا الخدمه نشتري اجهزه متطوره واذا طفشنا من النت الفاشل قلبناها تصفح الاستديو والنغمات انترنت_السعوديه_ضعيف,neg
كرهت نفسي بسبب النتت انترنت_السعوديه_ضعيف,neg
كل الشركات زفت زفت زفت الله يمحيهم ويبيدهم فلوس واشتراك على خساره انترنت_السعوديه_ضعيف,neg
كل شيا اصبح يثير الشك المصالح المشتركه تجعل المواطن هو السلعه الارخص لا ن حاجته بايدي لئيمه انترنت_السعوديه_ضعيف,neg
كل يوم تقطيع انترنت_السعوديه_ضعيف,neg
كم ارباحكم يا STC ونت زفت وخدمه سيئه انترنت_السعوديه_ضعيف,neg
لا كل شركات الاتصالات في المملكه من ابداا الاتصالات في العالم لان هدفهم الربحيه لا والف لا للجوده انترنت_السعوديه_ضعيف,neg
لا وكمان من 4 ميقا يوصلي ولله بعض الاحيان 50 كيلوبايت حنا في السعوديه ولا افريقيا stc فاشله انترنت_السعوديه_ضعيف,neg
للاسف STC من اسوا الى اسوا لا جدوى كسبت الثقه في النفس و تمردت انترنت_السعوديه_ضعيف,neg
للاسف هالشركه وضعيت الميت ياخي حسو شوي وعدلوا من وضعكم المخيس انترنت_السعوديه_ضعيف,neg
للاسف وزير الاتصالات نايم في العسل والشركات ماخذه راحتها انترنت_السعوديه_ضعيف,neg
للاسف يعاملونا كانهم اصحاب فضل ومنه علينا انترنت_السعوديه_ضعيف,neg
لنا سنين نقول لهم النت سرعته بالسالب والرد واحد طف المودم وشغله انترنت_السعوديه_ضعيف,neg
لنا شهر عالحاله ذي ترون مافي سينما ولا في اماكن نطلعها اخلصوا علينا بالنت وخدمات زي العالم لابارك الله فيكم انترنت_السعوديه_ضعيف,neg
لو في كلمه تعبر عن معنى اقوى الضعف كتبتها انترنت_السعوديه_ضعيف,neg
لي سنه وانا اعاني من الانترنت وسرعته البايخه الي يمدح الانترنت ويقول سريع اكرمنا بسكوتك هاشتاق واضح انترنت_السعوديه_ضعيف,neg
ليه النت ضغيف ليه انترنت_السعوديه_ضعيف,neg
م اقول الا حسبي الله ونعم الوكيل انترنت_السعوديه_ضعيف,neg
ما بيتغير شي ابدا شركات فاشله وهمها كيف تسرقك وبس انترنت_السعوديه_ضعيف,neg
مابقى احد ما اشتكى من نتكم الزباله حسسسسوا فينا يااخوان حسوو انترنت_السعوديه_ضعيف,neg
متعووووده انترنت_السعوديه_ضعيف,neg
مخيس انترنت_السعوديه_ضعيف,neg
مرررررره ورب البيت غثيثث انترنت_السعوديه_ضعيف,neg
مررههه مررههه مررهههه وجع انترنت_السعوديه_ضعيف,neg
مره ضعيف واس تي سي وموبايلي بدال مايتنافسون على السرعه وخدمتنا يتنافسون على اي شركه خايسه ومكروهه من الكل انترنت_السعوديه_ضعيف,neg
مستحيل تقوي لكم الشبكه لانها راح تخسر في الاتصال لاكن تضعف النت عشان انت تسخدم الاتصال والنت وبكذا تربح دبل انترنت_السعوديه_ضعيف,neg
معاناه هالانترنت جربت جميع الشركات ووضعهم واحد انترنت_السعوديه_ضعيف ,neg
مغير لهط عساهم الحريقه الي تحرق بطونهم انترنت_السعوديه_ضعيف,neg
 كيف_واجهت_السعوديه_القاعده حذف_قناه_العربيه_من_الريسيفر خووونه للدين هذولا وللعرب والمسلمين لا دنيا لهم معنا ولا عقيده,neg
 لا يعرف عن هذه القناه الا الكذب في الاخبار والفحش في الاخلاق والفساد الدين فاي حاجه لي بها لابقيها عندي حذف_قناه_العربيه_م ,neg
 لا يكفي حذف_قناه_العربيه_من_الريسيفر بل وكل قناه شاذه عقديا وفكريا وتصادم الحسبه واهل الفضل ,neg
 لانها اصبحت بوقا من ابواق الشر ومرتعا من مراتع الكذب والرذيله حذف_قناه_العربيه_من_الريسيفر,neg
 لقد تم الدعس عليها بنجاح والحمد لله مكانها الطبيعي صندوق الزباله حذف_قناه_العربيه_من_الريسيفر,neg
 لقد تم حذف_قناه_العربيه_من_الريسيفر منذ انكشفت سواتها وعلى كل من له مسؤوليه ان يبذل جهدا ما استطاع في ازالتها لانها خدا ,neg
 لم اشاهد في حياتي اقذر من قناه العربيه العبريه شوهت سمعه السعوديه ومحاربه لكل فضيله حذف_قناه_العربيه_من_الريسيفر,neg
 لم تكن موجوده اساسا قناه الزيف والضلال مايتابعها الا مريض بعقده الدين والحقيقه وفوبيا الاسلام حذف_قناه_العربيه_من_الريسيفر,neg
 لماذا بلغت التغريدات ف هاشتاج حذف_قناه_العربيه_من_الريسيفر 5000تغريده ف ساعه بسبب السقوط الذريع لهذه القناه التي لا تمت ل ,neg
 لماذا عليك حذف_قناه_العربيه_من_الريسيفر لانها تشوه عقيدتنا وتحارب ديننا ,neg
 ما اقبح العربيه في اعلامها فكل برامجها قيح وصديد هي مزبله الاعلاميين المفسدين لهم في كل زاويه حمام للقاذورات حذف_قناه_العرب ,neg
 ماذا تريدون من قناه اكثر اعلاميها من جنوب لبنان تستهزا بالعريفي ومشايخ السنه وتعادي الاسلام وتحابي اليهود حذف_قناه_العربي ,neg
 مافي اقذر منه حذف_قناه_العربيه_من_الريسيفر,neg
 مشكله العربيه انها تبرز التطرف من جانب واحد وتغض الطرف عن الجانب الاخر رغم ان تطرف الجانب الاخر اشد واقذر حذف_قناه_العربيه_ ,neg
 من اقذر القنوات الداعمه للشيعه وللفرس العبريه حذف_قناه_العربيه_من_الريسيفر,neg
 من الطبيعي ان اقوم ب حذف_قناه_العربيه_من_الريسيفر لانها تحارب ديني الاسلام وتحارب موطني السعوديه ولا ينتمي لها الا ك ,neg
 منذ زمن بعيد محذوفه مستاجره لا مهنيه ولاقيم حذف_قناه_العربيه_من_الريسيفر,neg
 مهما كانت جوده الماده الوثائقيه في كشف الارهاب ستظل قناه العربيه العبريه كما يسميها التقليديون ودعاه التطرف حذف_قناه_العر ,neg
 ندااالى كل مسلم يهمه امر دينه ويمقت مايتنافى مع امردينه ان يبادرالى حذف_قناه_العربيه_من_الريسيفر,neg
 نطالب ولاه امرنا وفقهم الله باغلاق قناه العربيه المعاديه لدولتنا دستورا وولاهورعيه لقد كشفت الاحداث حقيقتها حذف_قناه_ال ,neg
 نعم سيتم حذفها قناه حقييييره الواجب ان يلتفت لها سلمان الحزم حذف_قناه_العربيه_من_الريسيفر,neg
 هالقناه فكره امريكيه و اداره شيعيه مارونيه شهداا فلسطين تطلق عليهم مسمى قتيل و فطائس الشيعه شهداا حذف_قناه_العربيه_من_الر ,neg
 هذه القناه لاتحسب على المسلمين فهي محسوبه لروافض اخزاها واخزاهم الله ومالكها ماهو الى حاطب ليل وهدفه المال فقط حذف_قناه_ا ,neg
 هل كانت هذه القناه جيده في هذه الفتره بالنسبه لي فهي سيئه من بداياتها حذف_قناه_العربيه_من_الريسيفر ,neg
 هؤلاا اتباع المفك في حملته النفاقيه يصف العربيه بالصهيونيه ويصف اصحابها باولياا امر مسلمين ويدعو لهم حذف_قناه_العربيه_من_ا ,neg
 هي اشد عدائا للبلد من قنوات الرافضه واكثر مداهنه للصهاينه يجب ان تلحق بالمنار وصاحبتها حذف_قناه_العربيه_من_الريسيفر,neg
 هي اول من روج لقناه الميادين الايرانيه المعاديه وعمل لها دعايه حذف_قناه_العربيه_من_الريسيفر ,neg
 والله انك كذاب حذف_قناه_العربيه_من_الريسيفر بسبب استضافه الرافضي اياد جمال الي يسب السعوديه ,neg
 والله فعلا صار لازم تنحذف قناه العربيه ومجموعه ال ام بي سي كلها لانهم قنوات قذاره اجلكم الله حذف_قناه_العربيه_من_الريسي ,neg
 وين اللي ينبحون هنا حذف_قناه_العربيه_من_الريسيفر عن عهر الجزيره وشتمها لبلاد التوحيد لن يظهر ,neg
 وينكم من قناه الجزيره اللي تروج ل مجتهد ماحد فيكم تكلم منافقييين والا وش وضعكم حذف_قناه_العربيه_من_الريسيفر ,neg
 يا عيال_عزمي يا حريم_السلطان كنتم تنبحون هنا حذف_قناه_العربيه_من_الريسيفر وينكم عن قناه اسيادكم ياخونه الجزير ,neg
 يجب ان يتم حذف_قناه_العربيه_من_الريسيفر لانها قناه مخترقه من اعداا الامه وتقف ضد اصطفاف ابناا السنه في كل مكان وابحث عن المس ,neg
 يعني قناه الخنزيره هيا اللي تمام كلاب الاخوان حذف_قناه_العربيه_من_الريسيفر ,neg
 كلمه_لشركات_الاتصالات بطيا وسيا بالخدمه وضعيفه بالاتصال,neg
 كلمه_لشركات_الاتصالات بعض موظفيها يحسسك ان الشركه شركه ابوووه يتفنن في سرقه العملاا والضحك عليهم ياويلكم من الله ,neg
 كلمه_لشركات_الاتصالات بكل اسف واسى اسواا الخدمات في عالم الاتصالات هي ما تقدمه الشركات بالسعوديه تمنيت ان افخر بها ولكن من يفخر بالفشل ,neg
 كلمه_لشركات_الاتصالات بهدلتوني,neg
 كلمه_لشركات_الاتصالات بين قوسيين ارحمونا ,neg
 كلمه_لشركات_الاتصالات تاخذ اكثر مما تعطي,neg
 كلمه_لشركات_الاتصالات تبا لكم ياتسلاب لا نت زي العالم ولا خدمه تفيدنا شركه همها الماده فقط ترفع الضغط يطلعون الشيب من شعر خشمك ,neg
 كلمه_لشركات_الاتصالات ترا ندري انكم تدرون ان النت فاشل ياحراميه مالت عليكم انتم وهيئه الاتصالات معكم,neg
 كلمه_لشركات_الاتصالات تف عليكم,neg
 كلمه_لشركات_الاتصالات تفله بحجم السماا عليهم ,neg
 كلمه_لشركات_الاتصالات تفله بحجم العالم لكم ,neg
 كلمه_لشركات_الاتصالات تفو,neg
 كلمه_لشركات_الاتصالات تفو تفو تفو تفو تفو تفو عليكم,neg
 كلمه_لشركات_الاتصالات تفو ثم تفو ثم تفو ,neg
 كلمه_لشركات_الاتصالات تفو من القلب ,neg
 كلمه_لشركات_الاتصالات تفوووووو على خدمتكم الزباله,neg
 كلمه_لشركات_الاتصالات تفيه عليكم ثم تفيه عليكم ثم تفيه عليكم ,neg
 كلمه_لشركات_الاتصالات تلمسو احتياجات الناس واطرحوا الخدمات بالمعقول وبطلوا النصب ,neg
 كلمه_لشركات_الاتصالات ثروتي راحت عندكم حرام عليكم ردوها ,neg
 كلمه_لشركات_الاتصالات جائزه اضعف انترنت مقدمه ل جائزه اضعف خدمه عملاا ل جائزه اكثر اللصوص سرقه بجداره ل ,neg
 كلمه_لشركات_الاتصالات جعلكم بحديب ع قولت بعض الناس ,neg
 كلمه_لشركات_الاتصالات جعلكم ماتربحون,neg
 كلمه_لشركات_الاتصالات جعلكم ماتربحون جعل ابراجكم الطيح شركاتكم تخيس ان شاا الله,neg
 كلمه_لشركات_الاتصالات جعلكمممم بحديب ,neg
 كلمه_لشركات_الاتصالات جميع شبكات المحمول الشبكه زباله,neg
 كلمه_لشركات_الاتصالات جو فاك يور سلف بليز ,neg
 كلمه_لشركات_الاتصالات حتروحوا من ربنا فين ,neg
 كلمه_لشركات_الاتصالات حتعيشو زقه وتموت زقه يااخوات الزقه ,neg
 كلمه_لشركات_الاتصالات حرام عليكم وكفايه نهبتونا,neg
 كلمه_لشركات_الاتصالات حراميه بقوه,neg
 كلمه_لشركات_الاتصالات حراميه تروحون فوق وتردون تحت بتمون حرااااااميه,neg
 كلمه_لشركات_الاتصالات حراميه نصابين,neg
 كلمه_لشركات_الاتصالات حراميه وشبكتكم زفت بعد ,neg
 كلمه_لشركات_الاتصالات حسبنا الله وكفى زد_فرصتك12,neg
دعواتكم يامظلموين ادعوا على الموظف الي يظلم لصالح الشركه من شركات الاتصالات مامعكم الا الدعاا كلمه_لشركات_الاتصالات,neg
دي شركه وسخه ايش فهمك انت كلمه_لشركات_الاتصالات ,neg
ربنا يحاسبكم كلمه_لشركات_الاتصالات,neg
ربنا يحرقكو بقاز كلمه_لشركات_الاتصالات,neg
ربناااا يسلط عليكم كلمه_لشركات_الاتصالات,neg
ربي يحرقكم وشكرا كلمه_لشركات_الاتصالات,neg
رفقا بعملائكم ويكفي نهب فلوس كلمه_لشركات_الاتصالات,neg
زرفتوووني الله وكيلكم كلمه_لشركات_الاتصالات,neg
زفت شركه حراميه والرجاا مقاطعتها كي تعرف احترام العميل كلمه_لشركات_الاتصالات,neg
سرقان حراميه وفاشله لاتغطيه زين ولا روترات زين بكيتكم من شركه انا لو اعرف الريس جيت ونقرته كلمه_لشركات_الاتصالات,neg
سود الله وجيهك ي البقرات الثلاث كلمه_لشركات_الاتصالات,neg
سود الله وجيهكم بالله هذا اتصال اتصفح به كلمه_لشركات_الاتصالات,neg
شبكاتكم ابو كلب الكلاب كلمه_لشركات_الاتصالات,neg
شبكه زاي الزفت كلمه_لشركات_الاتصالات,neg
شركات الخسارات كلمه_لشركات_الاتصالات,neg
شوفو لنا حل مع ابراجكم ذي في هجره خميس البحر التابعه لمحايل ابراج قايمه وطافيه ليش علما ان شبكتنا 2G كلمه_لشركات_الاتصالات,neg
عساكم للخساير الي مالها والي كلمه_لشركات_الاتصالات,neg
عساهم للافلاس الي يخليهم مايقدرون يشترون اوراق طابعه كلمه_لشركات_الاتصالات,neg
على زق كلمه_لشركات_الاتصالات,neg
عليهم من الله مايستحقون سارقينا بالرايح والجاي كلمه_لشركات_الاتصالات,neg
عند الله تجتمع الخصوم كلمه_لشركات_الاتصالات,neg
غلاا غير مبرر وخدمه سيئه للغايه وشبكه ضعيفه وسرقه واضحه كلمه_لشركات_الاتصالات,neg
فودافون المعنى الحقيقي للسرقه كلمه_لشركات_الاتصالات,neg
فوق انكم سيئين قراركم مثلكم كلمه_لشركات_الاتصالات,neg
في محافضه تيماا تبوك النت ازبل منه مافيه اضن عيب عليكم 4جي مافي 3جي ماتفتح مقطع فديو كلمه_لشركات_الاتصالات,neg
قتكوو الائرف كلمه_لشركات_الاتصالات,neg
كرهه شديد لكم كلمه_لشركات_الاتصالات,neg
كفاااايه سرقه بقي كلمه_لشركات_الاتصالات,neg
كلمه واحده لا تكفي للتعبير عن المشاعر لكن ما نقول غير الله لا يبارك لكم كلمه_لشركات_الاتصالات,neg
كله نصب في نصب يعني تشحن وماتكلم اخدوها الله يخذهم نصابين كلمه_لشركات_الاتصالات,neg
كلو زج كلمه_لشركات_الاتصالات,neg
لا تفصلون الشبكه مره ثانيه كلمه_لشركات_الاتصالات,neg
لا زلتم تمارسون عاداتكم السيئه التي ينتهجها الاغلبيه من موظفينكم في مرمطه العميل حتى جعلتم من صحته في مهب رياح المرض كلمه_لشركات_الاتصالات,neg
لا شبكه لا خدمات لا انترنت يصب في صالح المستخدم مهما ظننت ان الخدمه في صالحك عليك ان تاكل تبن قبل التفكير كلمه_لشركات_الاتصالات,neg
الله ياخذ stc قسم ب الله انهم خساير ع الفاضي ,neg
الله يجيب اليوم الي اشوف فيه stc مفلسه ,neg
الله يسلط عليكم ياخي ,neg
الله يصبرني ع شركهه STC ,neg
الله يغرق ال STC,neg
الله يلعن stc ,neg
الله يلعنكم ,neg
اللهم عليك ب stc ارنا فيهم عجائب قدرتك ,neg
اللهم عليك ب stc فانهم لايعجزونك,neg
النت الضعيف والبطيا راح يذبحني يوم من الايام ,neg
النت زي الزفت حسبي لله على غنيلهم ياخي ,neg
النت ضعيف بس انا ولا فيه احد نفسي مااتوفق با النت ,neg
النت ضعيييييييييف يابششر stc,neg
النت مايفتح عندي عندي شغل بخلصه ,neg
النت مضروب تبا لكم يا stc,neg
النت يرفع الضغط الله يلعن stc,neg
الي متي وخدمتكم زباله ,neg
انا زعلانه من STC ,neg
انا لو الموت بيدي فكيته على STC ,neg
انترنت STC معاد يطاق في البيت اقل من عشره كيلو بت في الثانيه في العمل اقل من خمسين شيا يدعو للضجر بابدا اشتري كتب ورقيه بدل تحميلها ,neg
انترنت STC من ازفت ما رايت ,neg
ايش ادعي بس ايششش ,neg
بث شوكيس هونغكي بدا يارب يفتححح خير حسبي الله على STC,neg
بحياتي كلها ماشفت شركه افشل من STC,neg
بروح احاول فيه حسبي الله عليكم يا stc ,neg
بليييييز زيدوا سرعه الاتصال تراه خياس ومرره زفت ابغي اسدد فوني ومو راضي ماني قادره اخرج برا عشان المطر ,neg
تبا ل لا انا الي شفت المباراه ولا انا الي شفت التايم لاين وقت المباراه حسو يا خي حسو ,neg
تدبل المبلغ stc ,neg
ترا عندنا حياه عندنا بحوث كويزات خير تخربون الانترنت محد يمدحكم بالخفا تخربون على انفسكم تفو ,neg
تراكم ابثرتوني ,neg
تفله بحجم السموات والارض ل موبايلي زين ولنت السعوديه بعد,neg
تفله كعمق البحار ل stc ,neg
تفوز stc باافشل شركه اتصال ,neg
تفووووووووووووووووووووووووو ,neg
 كذابين ,neg
 كذابين ال 4g مايغطي نص العلا ,neg
 كذابين ترا تدخلون النار الكذب حرام ,neg
 كذابين والله انا الان اعاني وانا ارد عليكم يارب ياصل ردي,neg
 كذب سرق سرق سرق سرق سرق النت زباله,neg
 كذب والله انكم كذابين مشترك 40 ميقا ولي 5 ايام والسرعه ما تتعدا 3ميقا,neg
 كس امكم ي قحاب صلحو الشبكه ي حراميه ي قحاب ي حراميه نتصل عليكم تقول في صيانه انيككم,neg
 كل ما اجي احاول دحين يطلع اتصل احد الفروع عشان يعطوك رقم ال buk الجديد ولما ادق محد يرد تتريقو انتو ولا ايش قصه اهلكم,neg
 كل ماقلنا الخدمه سيئه قالوا تحديث ماقد شفت شركه فيها نصب واضضضضح زي stc,neg
 كلزق بس ماني مسامحتكم ولا بريال رجعوا لي فليساتي من امس الشبكه مقطوعه ,neg
 كلمه_لشركات_الاتصالات جائزه اضعف انترنت مقدمه ل جائزه اضعف خدمه عملاا ل جائزه اكثر اللصوص سرقه بجداره ل ,neg
 كنت اشتغل في stc gt و فصلت اكثر العملاا ما يدعمون ال 20 ميقا فوق كل هذا يقدمون عروض على ال 20 ميقا و يا كثر الشكاوي عليهم ,neg
 كيف اضيفكم ونتكم زباله ,neg
 لا بارك الله فيكم لي اسبوعين طالب الياف كل يوم يجي الفني و يتفلسف ويجي غيره,neg
 لا لا لا لا الخدمه ومستائين منها اقل شي نبغى احترام للعميل ومصداقيه في الرد,neg
 لا مباله من شركه الاتصالات لي ست شهور عشان النت ولا حيات لمن تنادي المقاول يحفر ويروح ايش الحل,neg
 لا نعاني من ذلك في اشتراك شركه موبايلي وشركه زين وجميع شركات العالم لذلك كلامكم باطل فالمشكله من شركه stc,neg
 لا ولاشي بس شريحه مسبقه الدفع وانا معي فاتوره من stc والا اني في حاجتها على العموم الشريكات كلها فاشله,neg
 لا ويقول لي الظل الي تحت الطاوله يا اخي احترمو عقولنا يا stc ما احترمتو جيوبنا وصابرين بس عقولنا دور ظلها تحت ,neg
 لابد من تظافرجهودكم من اجل عوده الثفه لاتصالات السعوديه مع عملائه الكرام من سوا النت والنقطاعه والتكلفه الماديه والصيانه,neg
 لاجديد من سيا لاسوا نحن خارج نطاق اهتمامات شركه الاتصالات للاسف,neg
 لازالت محافظه حقل معزوله عن العالم بسبب انقطاع شبكتكم منذو امس الي متي طيب والحل ,neg
 لاوالله مو عاجبنا شيا لابارك الله فيكم ولا في شركتكم النت الدمه انه زفت والفلوس تلهفونها مثل النار,neg
 للاسف stc تستخف بالعملاا ولا يوجد اي اهتمام او حلول للمشاكل,neg
 للاسف الشديد بلاغات سطرنا فيها مقطوعات من المعاناه ولا من مجيب تقل لي رساله فارغه ونرد عليك ,neg
 للاسف اليوم تاكدت فعلا انو الاتصالات هي الاسوا في الخدمات تخيل من مكتب للثاني وموظف مو موجود ومشرف مو موجود,neg
 للاسف شركه مفلسه فنيا وفكريا كنت اعمل فيها سابقا اقسم بالله قمه في الضياع ,neg
 للاسف فور جي نسمع بها بس عند صارت حلم انكم تشغلونه,neg
 للاسف ليست خدمه بل معاناه,neg
 للاسف ماراح يرد لكن كلمه حسبي الله ونعم الوكيل تكفي,neg
 لماذا لا يكون العميل عندكم ذو اهميه لماذا شكاوينا تضرب عرض الحائط لماذا النت عندي ضعيف انصب_شركه_اتصالات_stc,neg
 لماذا لا يكون هناك تصريح رسمي باستخدامكم لسياسه الاستخدام العادل ام ان هذا اعتراف غير مباشر منكم انه غير عادل شويه صراحه ,neg
 ليه قطعتوا الخدمه امس عن محافظات تبوك الله يخسركم مثل ماخسرتكو علينا الجو بحول على زين,neg
 ما اكذبكم هذي السرعه اللي تقولون وين ما كنت ,neg
 ما صدقت انا بشرق الخط السريع السامر و 4g سيئه جدا,neg
 برنامج نقاطي عندي فيه 9000 نقطه كلمتهم قبل شوي قالوا تقدر تشتري اي شئ من ايزون ب 400 ريال توني ادري وربي شئ كبير ياعوو ,pos
 احلى قعده مع احلى رفقات ,pos
 احلى قعده مع الاصدقاا ,pos
 جده_الان الاتصالات_السعوديه العرض بطل للي حاب يضيف قبل انتهاا العرض ياشباب ,pos
 احنا STC و ماعمرنا اشتكينا الحمدلله ترى كويسين يا جماعه انترنت_السعوديه_ضعيف,pos
 افضل شركه وافضل انترنت زين عالم راقي وجميل انترنت_السعوديه_ضعيف,pos
 انترنت_السعوديه_ضعيف اي منطقه فيها ال 4G تكون stc افضل من تجربه شخصيه والعكس Mobily افضل حينما تكون 3G,pos
 انترنت_السعوديه_ضعيف بالعكس الانترنت عندي مره سريع حسب الجيجا يمكن,pos
 انترنت_السعوديه_ضعيف بالعكس انا عاجبني انترنت حقنا ,pos
 انترنت_السعوديه_ضعيف لاتعمم اذا بيت اهلك نتهم ضعيف مو كل الاهالي يجيبون ببيتهم نت ضعيف,pos
 انترنت_السعوديه_ضعيف للامانه افضل انترنت حق زين اسرع منه مافيه من تجربه شخصيه ,pos
 انترنت_السعوديه_ضعيف لم ارى اي ضعف في الانترنت اطلاقا,pos
تكلموا عن انفسكم انا عندي طياره طياره انترنت_السعوديه_ضعيف,pos
حنا انترنتنا سريع انترنت_السعوديه_ضعيف,pos
شكرا اس تي سي انترنت_السعوديه_ضعيف ,pos
 حذف_قناه_العربيه_من_الريسيفر بغض النظر عن توجه القناه العام البرنامج الوثائقي الذي عرض في الايام الماضيه كان مبهر ومسني بشده ,pos
الجميل في الالياف البصريه ل موبايلي سعر جيد سرعه ثابته بس الابلود زفت وهذا اللي يميز STC بميزه رفع سرعه الابلود,pos
الله يحفظ STC ,pos
 فضحت مفخخي مؤخرات المراهقين ومفجري بيوت الله وقتله المصلين حذف_قناه_العربيه_من_الريسيفر,pos
اتوقع انا الوحيده اللي احب اس تي سي ,pos
احسن شي سوته شركه الاتصالات السعوديه هو توحيد الرقم ,pos
لن احذف قناه العربيه ابداا بل احيي قناه العربيه حذف_قناه_العربيه_من_الريسيفر,pos
 يعطيكم العافيه سرعه ممتازه البطاريه ماتلحق ,pos
 يعطيكم العافيه علي خدماتكم الجميله وكثره الانقد لايجوز محد يعجبه شي ,pos
 تبي الصدق افضل نت في السعوديه stc,pos
 وجع شبكتنا موبايلي زي الخراا وشبكت عمامي stc يا انها قويه بنشتري زي حقت عمامي زعلنا عليكم والله ضعيفه بعد بالف وخمسميه ما تسوى ,pos
 يسعدكم ربي دووم دائما تقدمون الافضل شكرا لكم,pos
 موبايلي و stc افضل ,pos
 موبايلي يجلط ماانصح فيه اما زين حسب عروضهم لكن مو بقوه stc,pos
 نشكر شركه الاتصالات السعوديه على تفاعلها السريع وحل مشكله الاتصالات لدينا بالشركه الرقم المو ,pos
 مشكورين ياشركه STC على خدماتكم,pos
 بصراحه خدمه راقيه وعمل على اصوله,pos
قناه الجمال والجميلات حذف_قناه_العربيه_من_الريسيفر,pos
 اقصد برنامج اصرار على قناه تعرض الان ,neut
 الاستاذ محمد الحميدي ضيف في برنامج الثامنه_مع_داود_الشريان علي قناه ال اليوم الساعه 8 مساا والحديث عن الكويت,neut
 الان في الطائره واجمل مفاجاه من و لوين بتتوقعو السفره حازم_شريف رقم_التصويت26 h ,neut
 البرنسيسه منال_موسى و سفير الالحان فايز_السعيد في الاستوديو الخاص به امس ,neut
 الثلاثااالفنانه نوال_الزغبي ضيفه العلاميه وفاا_الكيلاني في المتاهه 9 30 ع ال ,neut
 الفيلسوف يوسف الثنيان في برنامج مع الكبار على قناه برو 1,neut
 اللي له خلق يتابع الساعه 12 30 على mbc برنامج صباح الخير يا عرب راح اشوفكم صباح_الخير_يا_عرب,neut
 الليله الاسطوره يوسف الثنيان عبر برنامج الكبار على قناه mbc برو 1 الساعه 11مساا الهلال ,neut
 الليله حلقه نوال_الزغبي في المتاهه على شاشه in with ,neut
 الليله سهره جديده مع برنامج على وعبر انفجن صابر_الرباعي كاظم_الساهر شيرين عاصي_الحلاني ,neut
 الليله موعدنا مع نوال_الزغبي_في_المتاهه 8 30 توقيت لبنان و مصر على شاشه ,neut
 المحامي محمد الحميدي في برنامج الثامنه مع الشريان على وظلم القيود الوهميه التي توضع على البدون ,neut
 المحامي محمد الحميدي في برنامج الثامنه مع الشريان علي والحديث عن سحب جناسي البرغش والعجمي والعوضي والجبر ,neut
 عذيب افضل سهمين فنيا في قطاع_الاتصالات,neut
 عندك رقم سوا ما سجلته باسمك يمكنك ربطه بهويتك من خلال تطبيق MySTC لتحميل التطبيق ,neut
 عندي شريحهه سوا انفصلت وشحنتها ثم صرت بس اتصل منها ولا استقبل من يعرف ليش الاتصالات_السعوديه ,neut
 مساا الخير ممكن اعرف سبب انقطاع النت عن حي المروج بعنيزه ,neut
 هيئه_الاتصالات_وتقنيه_المعلومات بالنسبه لمعرفه عدد الشرائح المسجله باسمي كيف اعرف عدد الشرائح في شركه غير مشترك فيها موبايلي زين ,neut
 يا شباب اذا اشتركه في جود نت 20 ميجا كم المفروض يكون الابلود وكم يحتاج للاونلاين,neut
My area STC الاتصالات السعوديه ,neut
اقدر اركب فيه اي شريحه بيانات او بس شريحه موبايلي واي_فاي ,neut
الاتصالات السعوديه تقدم حلول الواي فاي خدمه اذا كانت اشاره الانترنت ضعيفه لديك الاتصالات_السعوديه ,neut
البياري يطرح رؤيه في ملتقى قيادات قطاع الاتصالات ,neut
البياري يطرح رؤيه في ملتقى قيادات قطاع الاتصالات تقنيه تكنولوجيا الاخبار العربي جده الرياض,neut
الحين وش ازين نت ب ضرما ولا ولا ضرما ضرماا,neut
 حذف_قناه_العربيه_من_الريسيفر استطلاع هل تثق باخبار قناه العربيه ومحتواها ,neut
 حذف_قناه_العربيه_من_الريسيفر اسمع وشاهد جميع القنوات وعقلك سيحكم ويقرر مع من الحق الانغلاق التام وحجب الرؤيه خطا وتصرف نعا ,neut
 حذف_قناه_العربيه_من_الريسيفر الان على قناه العربيه كيف واجهت السعوديه القاعده ,neut
 حذف_قناه_العربيه_من_الريسيفر الحذف يكون ابلغ عندما يكون عن قناعه شخصيه وليس بسبب خلاف شخص ما مع القناه وترويجه لقناه اخ ,neut
 حذف_قناه_العربيه_من_الريسيفر الحل ليس بحذفها بل بمطالبه الحكومه بفرض سياسه جديده للقناه تراعي فيها الضوابط الدينيه والوحده الوطنيه ,neut
 حذف_قناه_العربيه_من_الريسيفر الحين ابي افهم الناس تطالب بحذف العربيه والمدافعين يجيبون قناه الجزيره وشدخلنا في الجزيره هل هي تمثل السعوديه,neut
 حذف_قناه_العربيه_من_الريسيفر السبب المعلن للحذف استضافه جمال الدين والسبب الخفي تعريه القاعده وداعش في الفلم الوثائقي ,neut
 حذف_قناه_العربيه_من_الريسيفر السؤال ليش تضيفها ,neut
 حذف_قناه_العربيه_من_الريسيفر اللهم اعز الاسلام والمسلمين ,neut
 حذف_قناه_العربيه_من_الريسيفر المشاهد العربي غير معاق التفكير له حريه الاختيار بين القنوات الاخباريه النقد مسموح والقمع الفكري مرفوض ,neut
 حذف_قناه_العربيه_من_الريسيفر الي ماتابع الحلقه الثانيه من مواجهه السعوديه للقاعده الان يعيدوها على العربيه,neut
 حذف_قناه_العربيه_من_الريسيفر الي ماتابع الفلم الوثائقي كيف_واجهت_السعوديه_القاعده اليوم س 1 ظهرا كل الاجزاا ال 3 ت ,neut
 السلام عليكم انا اشتريت شريحه من الشارع وابغى اسجله باسمي كيف ,neut
 السلام عليكم انا جاني العرض هذا لا تفوت الفرصه الحصول على 500MB مجانا ارسل 8127 الى 900 الان صلاحيه العرض 7 ايام من الاشتراك ,neut
 السلام عليكم انا عندي تفلون ونت وودي احول الخدمه ولكن الموظف لم يخدمني باي شي يقول دق من نفس التلفون,neut
 السلام عليكم بالنسبه لباقه 400 مع ايفون 6s هل يشمل العرض هذا العميل الجديد لكم,neut
 السلام عليكم جهازي ايفون 6 بلس وحصل فيه انحناا جانبي وهوتحت الضمان الان ماهو الحل الان نامل الرد بسرعه ,neut
 السلام عليكم حاولت اشترك في عرض 139ريال ولكن تفشل رساله الاشتراك لا اعلم ماهو السبب,neut
 السلام عليكم حبيت اسال هل يوجد مراقبين علي فرعكم بسوق حكير مول منطقه تبوك اريد جواب,neut
 السلام عليكم عندكم خدمه انترنت السرعه ماتقل عن 40 ميقا وموب كل كم يوم يقطع النت ,neut
 السلام عليكم عندي مشكله اخذت مودم وشريحه بيانات ثلاث شهور مفتوح تشتغل يومين وباقي الاسبوع يصير النت ضعيف جدا لماذا ,neut
 السلام عليكم عندي مشكله في الاتصال يطلع لي لاتوجد خدمه ايش ابحل ,neut
 السلام عليكم عندي مشكله في جوالي شحنته مايستقبل بس عادي يدق,neut
 السلام عليكم فى الاحساا القرى الشماليه والشرقيه النت ضعيف جدا ان كان فى الثابت او شرائح البيانات,neut
 شكرا لتواصلك هل انت عميل حاليSTC ولديك هاتف ثابت ,neut
 صباح الخير كيف اعرف انا وصلت التميز ولا لا او كم نجمه,neut
 صباح الخير لاهنت لماذا لايفتح عندي موقع ابشر علما انه كان يفتح قبل يومين وع شريحه بيانات stc يفتح مباشره,neut
 صباح النور يمكنك معرفه ذلك من خلال الاتصال على 900 محمد,neut
 طبعا الشبكات انا كنت فتره برا الرياض و كل واحد من اخوياي معه شركه الي زين و موبايلي و stc,neut
 طلع امس فيه مشكله عامه عندهم الحين الوضع اوكي ,neut
 طلع من جد المشاريع حقت stc و موبايلي ,neut
 طيب الشبكه اقدر ابدلها الى شبكه غير stc مثل ابراج موبايلي اوزين,neut
 طيب الهواوي حقك stc واذا هو stc هل ترتفع حرارته ع طول,neut
 طيب قديمه او جديده اهم شيا اتوفرت البيئه المناسبه لكم و اسمها stc يا دلخ,neut
 طيب كيف STC معك ,neut
 طيب كيف افعل الخدماه,neut
 يعطيك العافيه ي السمي بس ما فيها استخدام عادل وهل متوفره بفرع المدينه او ينبع,neut
 يقال 3جيجا يومي وبعدها تنزل السرعه نص ميقابت يعني لك في الشهر 90 قيقابايت بالسرعه الكامله ونص ميقابت تصفح وتحميل,neut
 يمكنك الابلاغ عن ضعف الشبكه من خلال تطبيق MySTC نايف,neut
 يمكنك الاطلاع على الباقات من خلال الرابط التالي نايف,neut
8 ساعات وانا بدون نت ,neut
STC تدشن اول مركز اتصال نسائي لخدمه عملائها ,neut
STC_KSA لو سمحت لي اسبوعين مركب الالياف وللحين ماركب النت صار غلط بالطلب وصارلي اسبوعين ومحد جاني وكل ما اكلم الدعم الفني يقول فيه صيانه ,neut
ابغى العب فيفا طيب شسوي ,neut
احد لسى بيعاني من بطا الانترنت من سكان جده جده ,neut
احمد ربك على فكره الاتصال كذا بدون مشكله ,neut
اخيرا STC ردوا علي الحين ننتظر ,neut
اخيرا طلعت رقم من stc وحفتك من موبايلي ,neut
 السلام عليكم ارغب بفتح التجوال الدولي كيف الطريقه,neut
 السلام عليكم اشتركت في خدمه 400 واخذت جوال ايفون 6اس بلس 16 قيقا هل يمكن استبداله مع العلم بان الجهاز جديد لم يفتح,neut
 السلام عليكم اقدر اشتري جوال بالتقصيد على فاتوره شريحتي واذا ممكن وين الفروع اللي اقدر اخذه منها في شرق الرياض ,neut
 السلام عليكم الاتصالات مقطوعه عن حقل والبدع من ظهر امس وانتو ولاحس ولا خبر اتكلم عن stc شكرا لكم ,neut
 السلام عليكم الرجاا ايجاد حل لضعف الشبكه الشديد بمشروع الامير فواز الجنوبي بجده حي الواحه والمشكله لها اكثر م ,neut
 السلام عليكم الرجاا مساعدتي في ايقاف خدمه الانترنت فقد تم تفعيلها تلقائيا وخصم الرصيد من الجوال مباشره وانا لم اطلب تفعيلها,neut
 السلام عليكم الله يعافيك شريحه البيانات STC نت لا محدود 3 شهور بكم ,neut
 السلام عليكم النت عندنا يخرب كل 3 شهور ونكلم الصيانه او اي شي يجون بعامل يركب قطعه على التلفون ويمشي ويخرب بعد 3 ,neut
 السلام عليكم امس توني شاريه شريحه نت مفتوح 3 شهور وبصراحه النت بطييئ جداولا يفتح معي شي وش الحل ,neut
 السلام عليكم انا ابغ اركب dsl اش الاجراا و العروض,neut
 السلام عليكم انا اشتريت شريحه من الشارع وابغى اسجله باسمي كيف ,neut
 السلام عليكم انا سددت فاتوره بلغلط كيف استرجع فلوسي ,neut
 بالله ابغا اشتري شريحه نت 3 شهور بلا حدود هل العرض ساري,neut
 بالنسبه لبرنامجكم Mystc اذا عندي مشكله مع مين اتواصل ,neut
 بامكانك الحصول على معلومات الشريحه من خلال حسابك على موقع خدماتي او تطبيق MySTC او بزياره الفرع نايف,neut
 بامكانك عن طريق الدخول الى موقع الجوال نايف,neut
 بامكانك معرفه الباقات المتوفره من خلال الرابط التالي نايف,neut
 بخصوص خدمه موجود اكسترا كانت تصلني رسائل والان احول جوالي ولا تصلني رسائل,neut
 بدري عليكم المهم عندي شريحه ودخلت الرقم السري حقها كم مره ومو راضيه تفك ايش اسوي,neut
 بسرعه رد يا اخوي اخلص علينا ,neut
 بعد انقطاع لاكثر من 30 ساعه شبكه stc تعود لمحافظه حقل بعد مغرب اليوم تبوك,neut
 بكم باقهه كويك نت لمدهه شهر وكم قيقا فيها,neut
 بنفس مقياسك stc منت مجبور عليها عندك 5 شركات ,neut
 تحذر الاتصالات السعوديه STC من المكالمات والرسائل مجهوله المصدر من خارج المملكه وبعض التطبيقات قم بحظرها حتى لاتتعرض للابتزا ,neut
 قديمه دي الصوره شىف الشريك stc ,neut
 قديمه شوف stc,neut
 قديمه شوف شعار stc,neut
 قديمه شوف شعار stc الان شعار القطريه,neut
 قديمه شوف علامه stc,neut
 قديمه هذي stc والحين القطريه ,neut
 قديمه وواضح من شعار stc بجنب اسم الملعب انها قديمه,neut
 قديمه يا ابو عنان لاحظ شعار STC,neut
 قريه بريم السليل تفتقد لخدمه 4G رغم توفرها في مركز خيبر الجنوب الملاصق لها وكذلك وادي بن هشبل يبعد 10 كلم,neut
 قريه_السرفه_بتهامه_الباحه على الطاري انحرقت شريحتي قبل 3 ايام و اروح لهم قالوا عشان ما تشحن انحرقت الشريحه السرفه_بته ,neut
 قريه_السرفه_بتهامه_الباحه على الطاري انحرقت شريحتي قبل 3 ايام و اروح لهم قالوا عشان ما تشحن انحرقت الشريحه السرفه_بتهامه_بدون_ابراج,neut
 كم حدها المسموح يومي وكم تنزل السرعه بعدها ومتى تتجدد,neut
 ممكن ي اخ محمد تعطيني رقم PUK لشريحتي,neut
 ممنوع دخول النساا_ اقسام الرجال من اليوم تبداا STC بتبيق نظام هيئه الاتصال بصرااامه ,neut
 من الصباح والشبكه مختفيه في حقل ايش السبب,neut
 من المسئول عن الرسائل الخاصه ومتى يتم الرد ,neut
 من يفعلها لي كل يوم وهم مرسلين لي العرض ويكند_STC ,neut
 مو صحيح يا عبودي اللوحه ركز في اللوحه وشوف وش مكتوب فيها STC واللوحه الجديده مكتوب عليها القطريه,neut
 موتمر سناب شات ورابطه المحترفين مع stc ,neut
 موجود عندكم مودم stc بدون شريحه 4g وبكم ,neut
 موجوده اللوحه بس ماعرفت طريقه ادخال الارقام بشكل صحيح ,neut
 نامل الاطلاع على باقات الانترنت من خلال الرابط التالي شكرا ,neut
 نبي نحول من موبايلي الى الاتصالات كيف الطريقه,neut
 نت سنه مفتوح,neut
 نرجو اطلاعنا علي باقات انترنت مفتوح,neut
 I can t wait اليوم النجمه الذهبيه نوال_الزغبي_المتاهه على ,pos
 ابوعمر_حسين_عبدالغني الملكي_العالمي نتمنى عودتك للاهلي قريبا صدى الملاعب مصطفى الاغا ,pos
 اختيارات السياره لكل فنان و فنانه حسب الشخصيه منهم البرنسيسه منال_موسى فن ,pos
 اشتقتلكن سوريا مصر السعوديه الاردن تونس العراق المغرب اليمن الكويت فلسطين ,pos
 اشتقتلكن كتير كيفكن مصر سوريا ,pos
 اشتقتلكن كتيييير ولله بعتذر اني انقطعت عنكن هالفتره بس الله بيعلم قديش مشغوله سوريا السعوديه ,pos
 اعجبني اسلوب بدريه على قناه بخصوص بعض المحاضرات الدينيه و الايحااات الجنسيه فيها ,pos
 الثامنه_مع_داود الثامنه عن مشكله البدون بالحصوله على الجنسيه الكويتيه برنامج يستحق المشاهده,pos
 الحمد لله استطاع فريق بدون_شك ان يوفر ل اروى_والاا عمل لضمان حياه كريمه والجهود متواصله للحصول على الهويه ,pos
 السيارات الكلاسيكيه المعدله هوايه شبابيه جميله بعد قليل على ,pos
